object,ch,prop,frame,1,2,3,4,5,6,7,8,9,10,11,12,13,14,15,16,17,18,19,20,21,22,23,24,25,26,27,28,29,30,31
nuc,/home/data/HeLa/Set0_2/processed/*,area,0,630.0,261.0,628.0,459.0,244.0,321.0,506.0,329.0,397.0,587.0,569.0,,,,,,,,,,,,,,,,,,,,
nuc,/home/data/HeLa/Set0_2/processed/*,area,1,599.0,279.0,657.0,531.0,264.0,307.0,497.0,354.0,418.0,654.0,726.0,,,,,,,,,,,,,,,,,,,,
nuc,/home/data/HeLa/Set0_2/processed/*,area,2,626.0,,588.0,481.0,,,613.0,,505.0,570.0,741.0,531.0,323.0,282.0,275.0,576.0,,,,,,,,,,,,,,,
nuc,/home/data/HeLa/Set0_2/processed/*,area,3,686.0,,647.0,439.0,,,635.0,,511.0,478.0,666.0,417.0,315.0,287.0,355.0,663.0,,,,,,,,,,,,,,,
nuc,/home/data/HeLa/Set0_2/processed/*,area,4,609.0,,683.0,532.0,,,731.0,,484.0,491.0,737.0,490.0,327.0,319.0,373.0,674.0,,,,,,,,,,,,,,,
nuc,/home/data/HeLa/Set0_2/processed/*,area,5,689.0,,559.0,560.0,,,759.0,,579.0,531.0,719.0,511.0,346.0,332.0,365.0,750.0,,,,,,,,,,,,,,,
nuc,/home/data/HeLa/Set0_2/processed/*,area,6,743.0,,583.0,549.0,,,636.0,,631.0,499.0,795.0,524.0,365.0,302.0,383.0,678.0,,,,,,,,,,,,,,,
nuc,/home/data/HeLa/Set0_2/processed/*,area,7,827.0,,741.0,559.0,,,645.0,,589.0,510.0,778.0,508.0,324.0,331.0,444.0,651.0,,,,,,,,,,,,,,,
nuc,/home/data/HeLa/Set0_2/processed/*,area,8,740.0,,660.0,492.0,,,602.0,,546.0,469.0,771.0,507.0,416.0,302.0,440.0,733.0,,,,,,,,,,,,,,,
nuc,/home/data/HeLa/Set0_2/processed/*,area,9,756.0,,724.0,585.0,,,615.0,,653.0,527.0,723.0,597.0,418.0,346.0,524.0,641.0,,,,,,,,,,,,,,,
nuc,/home/data/HeLa/Set0_2/processed/*,area,10,787.0,,685.0,555.0,,,630.0,,571.0,468.0,733.0,438.0,,,504.0,,441.0,379.0,781.0,,,,,,,,,,,,
nuc,/home/data/HeLa/Set0_2/processed/*,area,11,761.0,,688.0,657.0,,,677.0,,618.0,481.0,668.0,515.0,,,444.0,,579.0,438.0,770.0,,,,,,,,,,,,
nuc,/home/data/HeLa/Set0_2/processed/*,area,12,,,577.0,550.0,,,529.0,,482.0,559.0,706.0,309.0,,,,,295.0,273.0,472.0,283.0,,,,,,,,,,,
nuc,/home/data/HeLa/Set0_2/processed/*,area,13,,,616.0,438.0,,,518.0,,452.0,600.0,627.0,,,,,,296.0,,466.0,,348.0,246.0,312.0,,,,,,,,
nuc,/home/data/HeLa/Set0_2/processed/*,area,14,,,675.0,520.0,,,580.0,,454.0,700.0,691.0,,,,,,290.0,,476.0,,330.0,136.0,343.0,106.0,,,,,,,
nuc,/home/data/HeLa/Set0_2/processed/*,area,15,,,600.0,510.0,,,586.0,,434.0,756.0,695.0,,,,,,249.0,,511.0,,279.0,160.0,,,254.0,256.0,151.0,,,,
nuc,/home/data/HeLa/Set0_2/processed/*,area,16,,,615.0,537.0,,,528.0,,486.0,618.0,673.0,,,,,,,,487.0,,292.0,153.0,,,272.0,228.0,176.0,329.0,,,
nuc,/home/data/HeLa/Set0_2/processed/*,area,17,,,551.0,500.0,,,595.0,,525.0,566.0,714.0,,,,,,,,570.0,,289.0,175.0,,,306.0,270.0,157.0,296.0,,,
nuc,/home/data/HeLa/Set0_2/processed/*,area,18,,,540.0,508.0,,,607.0,,545.0,598.0,666.0,,,,,,,,645.0,,349.0,198.0,,,,363.0,,290.0,418.0,223.0,
nuc,/home/data/HeLa/Set0_2/processed/*,area,19,,,542.0,580.0,,,559.0,,568.0,602.0,696.0,,,,,,,,689.0,,281.0,178.0,,,,240.0,,,398.0,293.0,435.0
nuc,/home/data/HeLa/Set0_2/processed/*,cell_id,0,1.0,2.0,3.0,4.0,5.0,6.0,7.0,8.0,9.0,10.0,11.0,,,,,,,,,,,,,,,,,,,,
nuc,/home/data/HeLa/Set0_2/processed/*,cell_id,1,1.0,2.0,3.0,4.0,5.0,6.0,7.0,8.0,9.0,10.0,11.0,,,,,,,,,,,,,,,,,,,,
nuc,/home/data/HeLa/Set0_2/processed/*,cell_id,2,1.0,,3.0,4.0,,,7.0,,9.0,10.0,11.0,12.0,13.0,14.0,15.0,16.0,,,,,,,,,,,,,,,
nuc,/home/data/HeLa/Set0_2/processed/*,cell_id,3,1.0,,3.0,4.0,,,7.0,,9.0,10.0,11.0,12.0,13.0,14.0,15.0,16.0,,,,,,,,,,,,,,,
nuc,/home/data/HeLa/Set0_2/processed/*,cell_id,4,1.0,,3.0,4.0,,,7.0,,9.0,10.0,11.0,12.0,13.0,14.0,15.0,16.0,,,,,,,,,,,,,,,
nuc,/home/data/HeLa/Set0_2/processed/*,cell_id,5,1.0,,3.0,4.0,,,7.0,,9.0,10.0,11.0,12.0,13.0,14.0,15.0,16.0,,,,,,,,,,,,,,,
nuc,/home/data/HeLa/Set0_2/processed/*,cell_id,6,1.0,,3.0,4.0,,,7.0,,9.0,10.0,11.0,12.0,13.0,14.0,15.0,16.0,,,,,,,,,,,,,,,
nuc,/home/data/HeLa/Set0_2/processed/*,cell_id,7,1.0,,3.0,4.0,,,7.0,,9.0,10.0,11.0,12.0,13.0,14.0,15.0,16.0,,,,,,,,,,,,,,,
nuc,/home/data/HeLa/Set0_2/processed/*,cell_id,8,1.0,,3.0,4.0,,,7.0,,9.0,10.0,11.0,12.0,13.0,14.0,15.0,16.0,,,,,,,,,,,,,,,
nuc,/home/data/HeLa/Set0_2/processed/*,cell_id,9,1.0,,3.0,4.0,,,7.0,,9.0,10.0,11.0,12.0,13.0,14.0,15.0,16.0,,,,,,,,,,,,,,,
nuc,/home/data/HeLa/Set0_2/processed/*,cell_id,10,1.0,,3.0,4.0,,,7.0,,9.0,10.0,11.0,12.0,,,15.0,,17.0,18.0,19.0,,,,,,,,,,,,
nuc,/home/data/HeLa/Set0_2/processed/*,cell_id,11,1.0,,3.0,4.0,,,7.0,,9.0,10.0,11.0,12.0,,,15.0,,17.0,18.0,19.0,,,,,,,,,,,,
nuc,/home/data/HeLa/Set0_2/processed/*,cell_id,12,,,3.0,4.0,,,7.0,,9.0,10.0,11.0,12.0,,,,,17.0,18.0,19.0,20.0,,,,,,,,,,,
nuc,/home/data/HeLa/Set0_2/processed/*,cell_id,13,,,3.0,4.0,,,7.0,,9.0,10.0,11.0,,,,,,17.0,,19.0,,21.0,22.0,23.0,,,,,,,,
nuc,/home/data/HeLa/Set0_2/processed/*,cell_id,14,,,3.0,4.0,,,7.0,,9.0,10.0,11.0,,,,,,17.0,,19.0,,21.0,22.0,23.0,24.0,,,,,,,
nuc,/home/data/HeLa/Set0_2/processed/*,cell_id,15,,,3.0,4.0,,,7.0,,9.0,10.0,11.0,,,,,,17.0,,19.0,,21.0,22.0,,,25.0,26.0,27.0,,,,
nuc,/home/data/HeLa/Set0_2/processed/*,cell_id,16,,,3.0,4.0,,,7.0,,9.0,10.0,11.0,,,,,,,,19.0,,21.0,22.0,,,25.0,26.0,27.0,28.0,,,
nuc,/home/data/HeLa/Set0_2/processed/*,cell_id,17,,,3.0,4.0,,,7.0,,9.0,10.0,11.0,,,,,,,,19.0,,21.0,22.0,,,25.0,26.0,27.0,28.0,,,
nuc,/home/data/HeLa/Set0_2/processed/*,cell_id,18,,,3.0,4.0,,,7.0,,9.0,10.0,11.0,,,,,,,,19.0,,21.0,22.0,,,,26.0,,28.0,29.0,30.0,
nuc,/home/data/HeLa/Set0_2/processed/*,cell_id,19,,,3.0,4.0,,,7.0,,9.0,10.0,11.0,,,,,,,,19.0,,21.0,22.0,,,,26.0,,,29.0,30.0,31.0
nuc,/home/data/HeLa/Set0_2/processed/*,convex_area,0,638.0,266.0,656.0,474.0,256.0,327.0,529.0,330.0,400.0,596.0,581.0,,,,,,,,,,,,,,,,,,,,
nuc,/home/data/HeLa/Set0_2/processed/*,convex_area,1,610.0,283.0,6536.0,555.0,276.0,313.0,522.0,3943.0,4377.0,661.0,740.0,,,,,,,,,,,,,,,,,,,,
nuc,/home/data/HeLa/Set0_2/processed/*,convex_area,2,648.0,,5356.0,503.0,,,632.0,,515.0,582.0,753.0,572.0,334.0,291.0,284.0,584.0,,,,,,,,,,,,,,,
nuc,/home/data/HeLa/Set0_2/processed/*,convex_area,3,699.0,,7484.0,462.0,,,649.0,,520.0,491.0,672.0,436.0,319.0,299.0,365.0,672.0,,,,,,,,,,,,,,,
nuc,/home/data/HeLa/Set0_2/processed/*,convex_area,4,618.0,,710.0,558.0,,,780.0,,490.0,494.0,746.0,523.0,342.0,336.0,399.0,682.0,,,,,,,,,,,,,,,
nuc,/home/data/HeLa/Set0_2/processed/*,convex_area,5,715.0,,589.0,574.0,,,789.0,,597.0,543.0,728.0,550.0,358.0,334.0,377.0,768.0,,,,,,,,,,,,,,,
nuc,/home/data/HeLa/Set0_2/processed/*,convex_area,6,759.0,,7468.0,573.0,,,655.0,,651.0,506.0,812.0,574.0,377.0,308.0,400.0,682.0,,,,,,,,,,,,,,,
nuc,/home/data/HeLa/Set0_2/processed/*,convex_area,7,848.0,,778.0,588.0,,,653.0,,605.0,520.0,788.0,548.0,328.0,353.0,461.0,659.0,,,,,,,,,,,,,,,
nuc,/home/data/HeLa/Set0_2/processed/*,convex_area,8,760.0,,8569.0,503.0,,,637.0,,559.0,472.0,778.0,544.0,432.0,314.0,455.0,748.0,,,,,,,,,,,,,,,
nuc,/home/data/HeLa/Set0_2/processed/*,convex_area,9,780.0,,6031.0,597.0,,,644.0,,672.0,531.0,736.0,660.0,426.0,366.0,558.0,652.0,,,,,,,,,,,,,,,
nuc,/home/data/HeLa/Set0_2/processed/*,convex_area,10,808.0,,8726.0,571.0,,,676.0,,588.0,476.0,745.0,471.0,,,524.0,,446.0,400.0,794.0,,,,,,,,,,,,
nuc,/home/data/HeLa/Set0_2/processed/*,convex_area,11,780.0,,714.0,678.0,,,726.0,,633.0,495.0,679.0,547.0,,,463.0,,593.0,459.0,788.0,,,,,,,,,,,,
nuc,/home/data/HeLa/Set0_2/processed/*,convex_area,12,,,610.0,583.0,,,543.0,,491.0,4566.0,719.0,319.0,,,,,317.0,280.0,5852.0,288.0,,,,,,,,,,,
nuc,/home/data/HeLa/Set0_2/processed/*,convex_area,13,,,7837.0,450.0,,,542.0,,4136.0,5306.0,637.0,,,,,,307.0,,6284.0,,356.0,250.0,321.0,,,,,,,,
nuc,/home/data/HeLa/Set0_2/processed/*,convex_area,14,,,703.0,538.0,,,601.0,,460.0,5937.0,713.0,,,,,,303.0,,481.0,,338.0,140.0,355.0,107.0,,,,,,,
nuc,/home/data/HeLa/Set0_2/processed/*,convex_area,15,,,5996.0,527.0,,,613.0,,438.0,6797.0,710.0,,,,,,256.0,,518.0,,283.0,167.0,,,256.0,260.0,156.0,,,,
nuc,/home/data/HeLa/Set0_2/processed/*,convex_area,16,,,7844.0,566.0,,,554.0,,490.0,623.0,688.0,,,,,,,,496.0,,299.0,163.0,,,277.0,232.0,179.0,342.0,,,
nuc,/home/data/HeLa/Set0_2/processed/*,convex_area,17,,,7344.0,520.0,,,634.0,,528.0,3620.0,721.0,,,,,,,,578.0,,299.0,187.0,,,313.0,275.0,167.0,306.0,,,
nuc,/home/data/HeLa/Set0_2/processed/*,convex_area,18,,,5639.0,524.0,,,616.0,,552.0,5195.0,677.0,,,,,,,,661.0,,357.0,204.0,,,,374.0,,308.0,423.0,227.0,
nuc,/home/data/HeLa/Set0_2/processed/*,convex_area,19,,,554.0,590.0,,,575.0,,570.0,5728.0,709.0,,,,,,,,698.0,,289.0,182.0,,,,247.0,,,410.0,298.0,444.0
nuc,/home/data/HeLa/Set0_2/processed/*,cv_intensity,0,0.357523351908,0.122051887214,0.154354691505,0.201782375574,0.198994621634,0.159513995051,0.162420347333,0.102946177125,0.118275001645,0.0637255385518,0.0701260343194,,,,,,,,,,,,,,,,,,,,
nuc,/home/data/HeLa/Set0_2/processed/*,cv_intensity,1,0.319189935923,0.0761026218534,0.152323365211,0.208821699023,0.14677156508,0.159010380507,0.164355039597,0.0997666940093,0.115133687854,0.0648768395185,0.0652969554067,,,,,,,,,,,,,,,,,,,,
nuc,/home/data/HeLa/Set0_2/processed/*,cv_intensity,2,0.157820671797,,0.134729355574,0.172796562314,,,0.151962667704,,0.0939832925797,0.0709139034152,0.0658920481801,0.333087384701,0.415292650461,0.116653628647,0.140536010265,0.0892091244459,,,,,,,,,,,,,,,
nuc,/home/data/HeLa/Set0_2/processed/*,cv_intensity,3,0.155297070742,,0.161938816309,0.162752866745,,,0.162829071283,,0.10993372649,0.0635124742985,0.0673975050449,0.288636803627,0.329683065414,0.117191955447,0.146754771471,0.0996716171503,,,,,,,,,,,,,,,
nuc,/home/data/HeLa/Set0_2/processed/*,cv_intensity,4,0.151351079345,,0.139126166701,0.173562809825,,,0.166204720736,,0.0905051678419,0.0665668100119,0.0600995309651,0.309530049562,0.32461091876,0.110785983503,0.132032305002,0.0956052988768,,,,,,,,,,,,,,,
nuc,/home/data/HeLa/Set0_2/processed/*,cv_intensity,5,0.164342045784,,0.128559038043,0.174978584051,,,0.189702048898,,0.111768953502,0.0684889703989,0.0679776072502,0.32335460186,0.384361535311,0.139451175928,0.12177605927,0.109285719693,,,,,,,,,,,,,,,
nuc,/home/data/HeLa/Set0_2/processed/*,cv_intensity,6,0.17373265326,,0.142086386681,0.173537060618,,,0.175962865353,,0.106479391456,0.0714759901166,0.0722496956587,0.323479443789,0.380146950483,0.142939627171,0.129854887724,0.100354604423,,,,,,,,,,,,,,,
nuc,/home/data/HeLa/Set0_2/processed/*,cv_intensity,7,0.187393993139,,0.144478812814,0.174312338233,,,0.164211198688,,0.110535293818,0.065832734108,0.0681396052241,0.31083253026,0.361474514008,0.137870982289,0.132502987981,0.111132584512,,,,,,,,,,,,,,,
nuc,/home/data/HeLa/Set0_2/processed/*,cv_intensity,8,0.163014233112,,0.14836551249,0.172170341015,,,0.156970977783,,0.0971497967839,0.063634082675,0.0652230083942,0.303792089224,0.408991962671,0.141912445426,0.115414038301,0.0995398759842,,,,,,,,,,,,,,,
nuc,/home/data/HeLa/Set0_2/processed/*,cv_intensity,9,0.163431122899,,0.141588106751,0.179657116532,,,0.179192125797,,0.109925933182,0.0656812861562,0.0649065598845,0.345867067575,0.409620583057,0.133600130677,0.111776612699,0.0975043550134,,,,,,,,,,,,,,,
nuc,/home/data/HeLa/Set0_2/processed/*,cv_intensity,10,0.231724604964,,0.180308327079,0.210335686803,,,0.155776530504,,0.0615258105099,0.0715308263898,0.0696402713656,0.184634461999,,,0.194536343217,,0.186849728227,0.0474279485643,0.0819381549954,,,,,,,,,,,,
nuc,/home/data/HeLa/Set0_2/processed/*,cv_intensity,11,0.171872586012,,0.137009203434,0.21283377707,,,0.180490583181,,0.115456819534,0.0664548054338,0.0660936012864,0.31646284461,,,0.115673869848,,0.39391040802,0.141886979342,0.103047974408,,,,,,,,,,,,
nuc,/home/data/HeLa/Set0_2/processed/*,cv_intensity,12,,,0.132995560765,0.197119519114,,,0.204572126269,,0.111088126898,0.0632992759347,0.0639410987496,0.184019044042,,,,,0.140750959516,0.153459846973,0.10428763926,0.141248121858,,,,,,,,,,,
nuc,/home/data/HeLa/Set0_2/processed/*,cv_intensity,13,,,0.125541239977,0.148863583803,,,0.108608596027,,0.077575340867,0.0480433143675,0.0524900406599,,,,,,0.168841525912,,0.0772355124354,,0.153894707561,0.206538364291,0.744666993618,,,,,,,,
nuc,/home/data/HeLa/Set0_2/processed/*,cv_intensity,14,,,0.103564150631,0.140875056386,,,0.101835988462,,0.0691565722227,0.0448229312897,0.0448126867414,,,,,,0.138826906681,,0.0716265887022,,0.127628207207,0.0723880380392,0.826659023762,0.109377034009,,,,,,,
nuc,/home/data/HeLa/Set0_2/processed/*,cv_intensity,15,,,0.100908271968,0.14859174192,,,0.10396053642,,0.0776671394706,0.0483100786805,0.0459323972464,,,,,,0.12768638134,,0.0759704262018,,0.110098026693,0.08456043154,,,0.423659533262,0.523254871368,0.038236502558,,,,
nuc,/home/data/HeLa/Set0_2/processed/*,cv_intensity,16,,,0.105169005692,0.140604168177,,,0.102674640715,,0.0738272219896,0.041924983263,0.0439149811864,,,,,,,,0.0672281011939,,0.125413164496,0.188770294189,,,0.40396630764,0.119945034385,0.180205017328,0.135684490204,,,
nuc,/home/data/HeLa/Set0_2/processed/*,cv_intensity,17,,,0.102560326457,0.159531608224,,,0.146763220429,,0.0860661119223,0.0514906235039,0.0532443225384,,,,,,,,0.0804885476828,,0.136547923088,0.240932762623,,,0.787672877312,0.378107726574,0.18606005609,0.131479725242,,,
nuc,/home/data/HeLa/Set0_2/processed/*,cv_intensity,18,,,0.113693796098,0.169749975204,,,0.138152495027,,0.0893805474043,0.0535547547042,0.055666115135,,,,,,,,0.0855578482151,,0.155325263739,0.137657821178,,,,0.659019470215,,0.123451352119,0.513615727425,0.182255491614,
nuc,/home/data/HeLa/Set0_2/processed/*,cv_intensity,19,,,0.129378706217,0.198992237449,,,0.149114564061,,0.113237194717,0.0667235404253,0.0688294842839,,,,,,,,0.101139932871,,0.219793006778,0.220123052597,,,,0.485662311316,,,0.358939945698,0.158234417439,0.161139756441
nuc,/home/data/HeLa/Set0_2/processed/*,eccentricity,0,0.712942302227,0.837616384029,0.846708536148,0.779968082905,0.711743175983,0.579240441322,0.779244363308,0.877290844917,0.778835535049,0.5364356637,0.701243579388,,,,,,,,,,,,,,,,,,,,
nuc,/home/data/HeLa/Set0_2/processed/*,eccentricity,1,0.681375086308,0.840903997421,0.9622797966,0.707225561142,0.562582731247,0.600746810436,0.819070339203,0.984038829803,0.978681623936,0.633710503578,0.714815855026,,,,,,,,,,,,,,,,,,,,
nuc,/home/data/HeLa/Set0_2/processed/*,eccentricity,2,0.855258464813,,0.929951071739,0.844012498856,,,0.633763551712,,0.486349493265,0.617222547531,0.686925649643,0.592277407646,0.572018742561,0.825963497162,0.769114017487,0.774440348148,,,,,,,,,,,,,,,
nuc,/home/data/HeLa/Set0_2/processed/*,eccentricity,3,0.831322550774,,0.989316642284,0.831918239594,,,0.704805910587,,0.492064505816,0.559634685516,0.66295170784,0.667448282242,0.511782765388,0.835749149323,0.74117821455,0.608790457249,,,,,,,,,,,,,,,
nuc,/home/data/HeLa/Set0_2/processed/*,eccentricity,4,0.839408755302,,0.799120903015,0.878200948238,,,0.7262570858,,0.304472357035,0.629016339779,0.505491256714,0.6920992136,0.419722348452,0.735252082348,0.764691591263,0.639449954033,,,,,,,,,,,,,,,
nuc,/home/data/HeLa/Set0_2/processed/*,eccentricity,5,0.864107847214,,0.860183417797,0.802096962929,,,0.770414531231,,0.357309132814,0.678436160088,0.580837488174,0.71258610487,0.72130805254,0.608403980732,0.768051862717,0.545670568943,,,,,,,,,,,,,,,
nuc,/home/data/HeLa/Set0_2/processed/*,eccentricity,6,0.835095345974,,0.987354874611,0.791962623596,,,0.707734405994,,0.539645850658,0.736989140511,0.572423219681,0.777231276035,0.678851366043,0.659915983677,0.70397901535,0.623074769974,,,,,,,,,,,,,,,
nuc,/home/data/HeLa/Set0_2/processed/*,eccentricity,7,0.84307050705,,0.83384090662,0.803445100784,,,0.686541080475,,0.419573873281,0.792706310749,0.553988158703,0.695795476437,0.766731023788,0.807327926159,0.541359841824,0.49664992094,,,,,,,,,,,,,,,
nuc,/home/data/HeLa/Set0_2/processed/*,eccentricity,8,0.826307117939,,0.985450565815,0.852766394615,,,0.729673624039,,0.308940827847,0.689829468727,0.658335328102,0.778424143791,0.622609138489,0.778910636902,0.630342006683,0.485792756081,,,,,,,,,,,,,,,
nuc,/home/data/HeLa/Set0_2/processed/*,eccentricity,9,0.826565861702,,0.954578697681,0.810423672199,,,0.699198961258,,0.324432969093,0.731126010418,0.471221596003,0.760808885098,0.63157081604,0.783967673779,0.671986818314,0.503583908081,,,,,,,,,,,,,,,
nuc,/home/data/HeLa/Set0_2/processed/*,eccentricity,10,0.833236932755,,0.98038226366,0.767122387886,,,0.754064202309,,0.572165369987,0.746425807476,0.605743229389,0.703816115856,,,0.586652994156,,0.660761594772,0.806571722031,0.530332624912,,,,,,,,,,,,
nuc,/home/data/HeLa/Set0_2/processed/*,eccentricity,11,0.83827406168,,0.873027563095,0.837973356247,,,0.777089416981,,0.551047921181,0.764336824417,0.550415039062,0.643911838531,,,0.374178797007,,0.660534083843,0.772407710552,0.609377801418,,,,,,,,,,,,
nuc,/home/data/HeLa/Set0_2/processed/*,eccentricity,12,,,0.838993966579,0.776162862778,,,0.747025609016,,0.61698102951,0.986528337002,0.705280840397,0.793407320976,,,,,0.656077265739,0.811058521271,0.974036455154,0.539108037949,,,,,,,,,,,
nuc,/home/data/HeLa/Set0_2/processed/*,eccentricity,13,,,0.97250264883,0.76075398922,,,0.799923181534,,0.978093624115,0.983568370342,0.582508563995,,,,,,0.640673160553,,0.982890725136,,0.645944833755,0.816204190254,0.852113246918,,,,,,,,
nuc,/home/data/HeLa/Set0_2/processed/*,eccentricity,14,,,0.827440619469,0.768441140652,,,0.72246080637,,0.644884824753,0.991776645184,0.635493576527,,,,,,0.708027243614,,0.882962822914,,0.627597808838,0.879816234112,0.785963535309,0.619834005833,,,,,,,
nuc,/home/data/HeLa/Set0_2/processed/*,eccentricity,15,,,0.971894264221,0.770549178123,,,0.750797629356,,0.280851185322,0.99137878418,0.619030416012,,,,,,0.589440822601,,0.835412561893,,0.546543955803,0.898588240147,,,0.74133592844,0.780534029007,0.751924693584,,,,
nuc,/home/data/HeLa/Set0_2/processed/*,eccentricity,16,,,0.988107979298,0.8097255826,,,0.755894839764,,0.361954957247,0.388654917479,0.601240038872,,,,,,,,0.860849797726,,0.359445303679,0.837843537331,,,0.773411810398,0.745721697807,0.696255385876,0.499869793653,,,
nuc,/home/data/HeLa/Set0_2/processed/*,eccentricity,17,,,0.978814959526,0.797272503376,,,0.781733632088,,0.372353732586,0.959895849228,0.725866854191,,,,,,,,0.827518641949,,0.691807746887,0.91702491045,,,0.667122721672,0.849180161953,0.858378648758,0.585523724556,,,
nuc,/home/data/HeLa/Set0_2/processed/*,eccentricity,18,,,0.964671134949,0.849175751209,,,0.573095977306,,0.566943109035,0.985655963421,0.607265233994,,,,,,,,0.855841755867,,0.671756088734,0.856184959412,,,,0.424505650997,,0.462427586317,0.452052235603,0.744724333286,
nuc,/home/data/HeLa/Set0_2/processed/*,eccentricity,19,,,0.851500213146,0.781881690025,,,0.72887802124,,0.469899058342,0.990165650845,0.643933653831,,,,,,,,0.829574525356,,0.754784703255,0.876258671284,,,,0.783885300159,,,0.463527560234,0.685729503632,0.580605208874
nuc,/home/data/HeLa/Set0_2/processed/*,major_axis_length,0,33.8497314453,24.8455123901,39.3810119629,30.7797851562,21.2631015778,22.4260292053,32.5184822083,29.9615154266,29.0513725281,30.0444545746,31.9626979828,,,,,,,,,,,,,,,,,,,,
nuc,/home/data/HeLa/Set0_2/processed/*,major_axis_length,1,32.3184432983,25.7690830231,143.43838501,31.3189373016,20.3526077271,22.128162384,33.6597175598,163.710754395,139.99432373,33.2930984497,36.554851532,,,,,,,,,,,,,,,,,,,,
nuc,/home/data/HeLa/Set0_2/processed/*,major_axis_length,2,39.6693115234,,101.653945923,34.1811027527,,,32.0008506775,,27.3305721283,31.040594101,36.0816993713,29.6424560547,22.663143158,25.2977676392,23.5806827545,34.3712272644,,,,,,,,,,,,,,,
nuc,/home/data/HeLa/Set0_2/processed/*,major_axis_length,3,40.002696991,,253.487548828,32.0457305908,,,33.9953689575,,27.5043964386,27.5211582184,33.8754272461,26.9762115479,21.8126182556,25.9527301788,26.2237548828,32.9770202637,,,,,,,,,,,,,,,
nuc,/home/data/HeLa/Set0_2/processed/*,major_axis_length,4,38.1638641357,,38.6808357239,37.8985862732,,,37.6044998169,,25.5378875732,28.7844429016,32.9911575317,29.9898509979,21.9331932068,24.9757022858,27.9724178314,33.6691818237,,,,,,,,,,,,,,,
nuc,/home/data/HeLa/Set0_2/processed/*,major_axis_length,5,42.0775489807,,37.8784751892,34.7476348877,,,39.451675415,,28.4487190247,31.14103508,33.5963554382,31.1994304657,25.4959983826,23.1113147736,27.2868900299,34.1448402405,,,,,,,,,,,,,,,
nuc,/home/data/HeLa/Set0_2/processed/*,major_axis_length,6,41.761592865,,231.311538696,34.1053886414,,,34.0938949585,,31.0882472992,31.3205394745,35.2692108154,33.6218643188,25.5817508698,22.8503189087,26.7461471558,33.3990707397,,,,,,,,,,,,,,,
nuc,/home/data/HeLa/Set0_2/processed/*,major_axis_length,7,44.5973167419,,41.9590148926,35.0591011047,,,33.8189353943,,28.8633918762,34.0634918213,34.6990242004,30.9633731842,25.4382686615,27.3192195892,26.2981452942,31.0469512939,,,,,,,,,,,,,,,
nuc,/home/data/HeLa/Set0_2/processed/*,major_axis_length,8,41.1884536743,,226.327972412,34.853603363,,,34.2362823486,,27.2040977478,28.9673252106,36.2350387573,33.0273551941,26.3020973206,24.9934978485,27.4026165009,32.7804374695,,,,,,,,,,,,,,,
nuc,/home/data/HeLa/Set0_2/processed/*,major_axis_length,9,41.6894607544,,137.044662476,35.9596939087,,,33.7200393677,,29.9111919403,32.00258255,32.452545166,35.3078613281,26.4223022461,27.0565452576,30.6544113159,30.8517055511,,,,,,,,,,,,,,,
nuc,/home/data/HeLa/Set0_2/processed/*,major_axis_length,10,42.8344535828,,205.579391479,33.3948326111,,,35.8837509155,,29.9933929443,30.6795539856,34.4005432129,28.7111473083,,,28.5955963135,,27.5712451935,28.9502410889,34.3486938477,,,,,,,,,,,,
nuc,/home/data/HeLa/Set0_2/processed/*,major_axis_length,11,42.4358711243,,42.9961967468,39.536781311,,,37.9806442261,,30.8472862244,31.9518871307,32.083190918,30.0313110352,,,25.2266407013,,31.6609992981,29.9726352692,35.2230758667,,,,,,,,,,,,
nuc,/home/data/HeLa/Set0_2/processed/*,major_axis_length,12,,,37.5525093079,33.9062309265,,,31.9867668152,,28.252040863,149.343032837,35.7694778442,25.4869174957,,,,,22.5864105225,24.5836601257,151.863388062,20.6783313751,,,,,,,,,,,
nuc,/home/data/HeLa/Set0_2/processed/*,major_axis_length,13,,,162.492248535,29.4716815948,,,33.5761909485,,129.386703491,148.465194702,31.4147052765,,,,,,22.2230434418,,188.645202637,,24.1314563751,23.3253822327,27.7384738922,,,,,,,,
nuc,/home/data/HeLa/Set0_2/processed/*,major_axis_length,14,,,40.007106781,32.5091934204,,,33.0525474548,,28.0098667145,231.368621826,33.9167938232,,,,,,23.1486225128,,36.4594306946,,23.245388031,19.1164550781,26.6827411652,13.1471147537,,,,,,,
nuc,/home/data/HeLa/Set0_2/processed/*,major_axis_length,15,,,159.77532959,32.2468757629,,,34.1355438232,,24.1100463867,246.959365845,33.7145767212,,,,,,19.889585495,,34.7606964111,,20.5895366669,21.6312084198,,,22.0007400513,22.9008560181,17.1645355225,,,,
nuc,/home/data/HeLa/Set0_2/processed/*,major_axis_length,16,,,246.512893677,34.7044258118,,,32.5602722168,,25.9449462891,29.6452121735,32.9420967102,,,,,,,,35.1682891846,,20.2266635895,19.2440834045,,,23.5327110291,20.8774299622,17.7373657227,22.389333725,,,
nuc,/home/data/HeLa/Set0_2/processed/*,major_axis_length,17,,,176.738677979,32.813835144,,,35.6966247559,,27.0588264465,94.4373245239,36.4757881165,,,,,,,,36.3226966858,,22.8270664215,23.8154258728,,,23.0042629242,25.5903129578,19.9458045959,21.7466583252,,,
nuc,/home/data/HeLa/Set0_2/processed/*,major_axis_length,18,,,134.628845215,35.1535224915,,,31.0405960083,,29.2048454285,158.888763428,32.7202377319,,,,,,,,40.3287811279,,24.7700443268,22.1178951263,,,,22.7561645508,,20.6820526123,24.5397663116,20.6535205841,
nuc,/home/data/HeLa/Set0_2/processed/*,major_axis_length,19,,,36.5936698914,34.5508956909,,,32.7055587769,,28.9130744934,200.042358398,34.1042633057,,,,,,,,39.9857139587,,23.6911678314,21.8074951172,,,,22.222070694,,,24.0823516846,22.7577133179,26.4205741882
nuc,/home/data/HeLa/Set0_2/processed/*,minor_axis_length,0,23.7362003326,13.5720815659,20.9529438019,19.2625846863,14.9360485077,18.2807273865,20.379989624,14.3803033829,18.2218399048,25.3557529449,22.7869033813,,,,,,,,,,,,,,,,,,,,
nuc,/home/data/HeLa/Set0_2/processed/*,minor_axis_length,1,23.6549816132,13.9458236694,39.0241012573,22.1421127319,16.826335907,17.6901226044,19.3103485107,29.1329898834,28.7524814606,25.7545509338,25.5632724762,,,,,,,,,,,,,,,,,,,,
nuc,/home/data/HeLa/Set0_2/processed/*,minor_axis_length,2,20.5567035675,,37.3764533997,18.3321285248,,,24.7535171509,,23.88048172,24.4223861694,26.2215709686,23.8839378357,18.5892276764,14.2609500885,15.0706882477,21.744852066,,,,,,,,,,,,,,,
nuc,/home/data/HeLa/Set0_2/processed/*,minor_axis_length,3,22.2331085205,,36.9540786743,17.782119751,,,24.1163196564,,23.9441928864,22.8078689575,25.3612480164,20.0880012512,18.7395458221,14.2509412766,17.6042251587,26.1616954803,,,,,,,,,,,,,,,
nuc,/home/data/HeLa/Set0_2/processed/*,minor_axis_length,4,20.7420864105,,23.2537708282,18.1265830994,,,25.8502044678,,24.325378418,22.3767986298,28.4658164978,21.6467437744,19.9077186584,16.9283752441,18.0253257751,25.885969162,,,,,,,,,,,,,,,
nuc,/home/data/HeLa/Set0_2/processed/*,minor_axis_length,5,21.1779117584,,19.317445755,20.7510738373,,,25.1521530151,,26.5707111359,22.8780517578,27.3480892181,21.8890419006,17.6588935852,18.3417758942,17.474187851,28.613368988,,,,,,,,,,,,,,,
nuc,/home/data/HeLa/Set0_2/processed/*,minor_axis_length,6,22.9732704163,,36.6688232422,20.8237133026,,,24.0866069794,,26.1729507446,21.1696968079,28.9192810059,21.1553821564,18.7840595245,17.1683444977,18.9956684113,26.1234951019,,,,,,,,,,,,,,,
nuc,/home/data/HeLa/Set0_2/processed/*,minor_axis_length,7,23.9845714569,,23.1615810394,20.8734474182,,,24.5894451141,,26.1999111176,20.7652301788,28.8877868652,22.2391319275,16.3305664062,16.1211547852,22.1112422943,26.9472312927,,,,,,,,,,,,,,,
nuc,/home/data/HeLa/Set0_2/processed/*,minor_axis_length,8,23.1981525421,,38.4671974182,18.2037754059,,,23.4106178284,,25.8733081818,20.971529007,27.27501297,20.7325496674,20.5822582245,15.6742954254,21.2731323242,28.6525268555,,,,,,,,,,,,,,,
nuc,/home/data/HeLa/Set0_2/processed/*,minor_axis_length,9,23.4644966125,,40.8336868286,21.0667800903,,,24.1073722839,,28.2932567596,21.8335208893,28.6236286163,22.9139537811,20.4856910706,16.796749115,22.7015247345,26.6542186737,,,,,,,,,,,,,,,
nuc,/home/data/HeLa/Set0_2/processed/*,minor_axis_length,10,23.6838569641,,40.5208358765,21.4228115082,,,23.5684738159,,24.5987300873,20.4162807465,27.3711433411,20.3958892822,,,23.1578121185,,20.6948604584,17.1135368347,29.1204681396,,,,,,,,,,,,
nuc,/home/data/HeLa/Set0_2/processed/*,minor_axis_length,11,23.1381225586,,20.9679908752,21.5756626129,,,23.9046459198,,25.7412452698,20.6031265259,26.7859745026,22.9769477844,,,23.3940906525,,23.7709522247,19.0364303589,27.9276714325,,,,,,,,,,,,
nuc,/home/data/HeLa/Set0_2/processed/*,minor_axis_length,12,,,20.4338493347,21.3789806366,,,21.2646503448,,22.2337341309,24.4310798645,25.3579845428,15.5136604309,,,,,17.0458221436,14.3805809021,34.3805236816,17.4160480499,,,,,,,,,,,
nuc,/home/data/HeLa/Set0_2/processed/*,minor_axis_length,13,,,37.8431091309,19.1283092499,,,20.1491527557,,26.9338493347,26.8033027649,25.5346450806,,,,,,17.0631580353,,34.7465133667,,18.4215698242,13.476556778,14.5171356201,,,,,,,,
nuc,/home/data/HeLa/Set0_2/processed/*,minor_axis_length,14,,,22.4661197662,20.8032970428,,,22.8529224396,,21.4073734283,29.6107158661,26.1873645782,,,,,,16.3472118378,,17.1156196594,,18.0974121094,9.08631801605,16.497215271,10.3169736862,,,,,,,
nuc,/home/data/HeLa/Set0_2/processed/*,minor_axis_length,15,,,37.6139678955,20.5535316467,,,22.5476284027,,23.1396503448,32.3584251404,26.4783153534,,,,,,16.0670375824,,19.1052913666,,17.2423038483,9.49162006378,,,14.7654476166,14.3156290054,11.3157024384,,,,
nuc,/home/data/HeLa/Set0_2/processed/*,minor_axis_length,16,,,37.9042053223,20.3648605347,,,21.3169841766,,24.1857643127,27.3146057129,26.3229923248,,,,,,,,17.8957042694,,18.8748378754,10.5055456161,,,14.9174776077,13.9097452164,12.7317771912,19.3914146423,,,
nuc,/home/data/HeLa/Set0_2/processed/*,minor_axis_length,17,,,36.1866760254,19.8070716858,,,22.2608604431,,25.1130504608,26.4761505127,25.0893325806,,,,,,,,20.392950058,,16.483007431,9.49830436707,,,17.1369762421,13.5143280029,10.2325305939,17.6290435791,,,
nuc,/home/data/HeLa/Set0_2/processed/*,minor_axis_length,18,,,35.4689254761,18.5649414062,,,25.4374027252,,24.0576953888,26.8152084351,25.9962043762,,,,,,,,20.8595676422,,18.3489646912,11.4276409149,,,,20.6040077209,,18.3378887177,21.8892612457,13.7835865021,
nuc,/home/data/HeLa/Set0_2/processed/*,minor_axis_length,19,,,19.1880474091,21.5399570465,,,22.3916511536,,25.522151947,27.9859409332,26.0925350189,,,,,,,,22.3278617859,,15.5407571793,10.5077447891,,,,13.7978096008,,,21.3389511108,16.5643482208,21.5112419128
nuc,/home/data/HeLa/Set0_2/processed/*,max_intensity,0,253.0,254.0,254.0,253.0,254.0,231.0,253.0,253.0,252.0,252.0,252.0,,,,,,,,,,,,,,,,,,,,
nuc,/home/data/HeLa/Set0_2/processed/*,max_intensity,1,254.0,254.0,254.0,255.0,254.0,231.0,255.0,255.0,255.0,254.0,254.0,,,,,,,,,,,,,,,,,,,,
nuc,/home/data/HeLa/Set0_2/processed/*,max_intensity,2,254.0,,246.0,246.0,,,247.0,,246.0,253.0,253.0,223.0,193.0,224.0,224.0,246.0,,,,,,,,,,,,,,,
nuc,/home/data/HeLa/Set0_2/processed/*,max_intensity,3,238.0,,254.0,230.0,,,254.0,,254.0,254.0,254.0,207.0,205.0,222.0,230.0,255.0,,,,,,,,,,,,,,,
nuc,/home/data/HeLa/Set0_2/processed/*,max_intensity,4,239.0,,254.0,254.0,,,254.0,,247.0,255.0,255.0,239.0,205.0,231.0,246.0,254.0,,,,,,,,,,,,,,,
nuc,/home/data/HeLa/Set0_2/processed/*,max_intensity,5,245.0,,229.0,245.0,,,253.0,,254.0,254.0,254.0,236.0,213.0,237.0,213.0,253.0,,,,,,,,,,,,,,,
nuc,/home/data/HeLa/Set0_2/processed/*,max_intensity,6,254.0,,254.0,254.0,,,254.0,,254.0,255.0,255.0,229.0,198.0,238.0,238.0,247.0,,,,,,,,,,,,,,,
nuc,/home/data/HeLa/Set0_2/processed/*,max_intensity,7,253.0,,245.0,230.0,,,245.0,,254.0,255.0,254.0,246.0,198.0,231.0,246.0,253.0,,,,,,,,,,,,,,,
nuc,/home/data/HeLa/Set0_2/processed/*,max_intensity,8,247.0,,254.0,246.0,,,239.0,,247.0,255.0,255.0,204.0,202.0,247.0,239.0,247.0,,,,,,,,,,,,,,,
nuc,/home/data/HeLa/Set0_2/processed/*,max_intensity,9,247.0,,253.0,246.0,,,253.0,,254.0,254.0,254.0,253.0,201.0,209.0,230.0,246.0,,,,,,,,,,,,,,,
nuc,/home/data/HeLa/Set0_2/processed/*,max_intensity,10,255.0,,253.0,255.0,,,255.0,,254.0,252.0,253.0,254.0,,,254.0,,254.0,254.0,255.0,,,,,,,,,,,,
nuc,/home/data/HeLa/Set0_2/processed/*,max_intensity,11,245.0,,237.0,253.0,,,253.0,,253.0,252.0,252.0,221.0,,,245.0,,246.0,221.0,245.0,,,,,,,,,,,,
nuc,/home/data/HeLa/Set0_2/processed/*,max_intensity,12,,,252.0,255.0,,,254.0,,255.0,254.0,254.0,253.0,,,,,230.0,253.0,255.0,238.0,,,,,,,,,,,
nuc,/home/data/HeLa/Set0_2/processed/*,max_intensity,13,,,254.0,255.0,,,255.0,,255.0,255.0,255.0,,,,,,254.0,,255.0,,254.0,194.0,172.0,,,,,,,,
nuc,/home/data/HeLa/Set0_2/processed/*,max_intensity,14,,,246.0,254.0,,,254.0,,254.0,254.0,254.0,,,,,,253.0,,255.0,,246.0,246.0,183.0,253.0,,,,,,,
nuc,/home/data/HeLa/Set0_2/processed/*,max_intensity,15,,,245.0,246.0,,,253.0,,253.0,253.0,253.0,,,,,,232.0,,253.0,,231.0,254.0,,,223.0,247.0,254.0,,,,
nuc,/home/data/HeLa/Set0_2/processed/*,max_intensity,16,,,253.0,252.0,,,253.0,,252.0,252.0,252.0,,,,,,,,252.0,,237.0,246.0,,,245.0,252.0,253.0,252.0,,,
nuc,/home/data/HeLa/Set0_2/processed/*,max_intensity,17,,,253.0,254.0,,,254.0,,254.0,254.0,254.0,,,,,,,,254.0,,247.0,255.0,,,224.0,255.0,254.0,224.0,,,
nuc,/home/data/HeLa/Set0_2/processed/*,max_intensity,18,,,253.0,253.0,,,253.0,,253.0,253.0,253.0,,,,,,,,253.0,,253.0,211.0,,,,239.0,,246.0,254.0,253.0,
nuc,/home/data/HeLa/Set0_2/processed/*,max_intensity,19,,,230.0,255.0,,,239.0,,254.0,253.0,252.0,,,,,,,,255.0,,254.0,245.0,,,,253.0,,,246.0,231.0,253.0
nuc,/home/data/HeLa/Set0_2/processed/*,mean_intensity,0,148.634918213,224.582382202,185.331207275,169.091506958,183.512298584,164.778808594,181.088928223,208.735565186,207.692687988,226.700164795,221.347976685,,,,,,,,,,,,,,,,,,,,
nuc,/home/data/HeLa/Set0_2/processed/*,mean_intensity,1,165.083465576,231.462371826,183.926940918,173.48399353,173.954544067,166.28338623,182.366195679,213.957626343,209.416275024,229.29510498,223.512390137,,,,,,,,,,,,,,,,,,,,
nuc,/home/data/HeLa/Set0_2/processed/*,mean_intensity,2,169.08946228,,178.01701355,159.343032837,,,172.642745972,,193.849502563,224.873687744,221.531707764,118.983047485,97.1950454712,165.609924316,159.0,202.279510498,,,,,,,,,,,,,,,
nuc,/home/data/HeLa/Set0_2/processed/*,mean_intensity,3,166.492706299,,180.261199951,160.302963257,,,171.184249878,,197.050888062,225.117156982,221.758255005,119.558753967,105.980949402,166.885025024,158.72958374,207.478134155,,,,,,,,,,,,,,,
nuc,/home/data/HeLa/Set0_2/processed/*,mean_intensity,4,172.36618042,,182.666183472,168.511276245,,,180.692199707,,196.41116333,228.830963135,223.162826538,124.820411682,113.406730652,179.322891235,172.163543701,206.884277344,,,,,,,,,,,,,,,
nuc,/home/data/HeLa/Set0_2/processed/*,mean_intensity,5,165.354141235,,175.060821533,158.778564453,,,174.022399902,,194.043182373,225.210922241,220.721832275,116.481407166,112.91040802,170.262054443,165.112335205,201.214660645,,,,,,,,,,,,,,,
nuc,/home/data/HeLa/Set0_2/processed/*,mean_intensity,6,169.769851685,,182.740997314,159.047363281,,,167.628936768,,194.12361145,226.801605225,221.758483887,117.14503479,109.947944641,170.009933472,170.182769775,200.948379517,,,,,,,,,,,,,,,
nuc,/home/data/HeLa/Set0_2/processed/*,mean_intensity,7,171.151153564,,175.929824829,154.672622681,,,162.78604126,,191.235992432,227.450973511,220.480712891,121.641731262,107.574073792,166.954681396,176.682434082,198.039932251,,,,,,,,,,,,,,,
nuc,/home/data/HeLa/Set0_2/processed/*,mean_intensity,8,171.148651123,,180.386367798,161.67276001,,,164.370437622,,193.296707153,228.332626343,221.439682007,122.526626587,108.485580444,166.536422729,181.422729492,199.005462646,,,,,,,,,,,,,,,
nuc,/home/data/HeLa/Set0_2/processed/*,mean_intensity,9,171.089950562,,180.809387207,162.931625366,,,166.964233398,,194.77947998,225.899429321,218.979248047,128.197662354,109.205741882,166.687866211,176.347335815,199.329177856,,,,,,,,,,,,,,,
nuc,/home/data/HeLa/Set0_2/processed/*,mean_intensity,10,175.66708374,,185.451095581,180.13873291,,,199.914291382,,236.255691528,225.326919556,226.245559692,209.703201294,,,199.057540894,,203.755096436,238.902374268,232.023040771,,,,,,,,,,,,
nuc,/home/data/HeLa/Set0_2/processed/*,mean_intensity,11,169.917221069,,176.568313599,170.901062012,,,168.642547607,,195.525894165,226.367980957,220.410186768,121.135925293,,,178.450454712,,130.145080566,167.878997803,201.203903198,,,,,,,,,,,,
nuc,/home/data/HeLa/Set0_2/processed/*,mean_intensity,12,,,182.199310303,177.270904541,,,188.873352051,,226.435684204,230.738815308,229.045318604,219.093856812,,,,,174.498306274,216.256408691,217.771179199,169.187286377,,,,,,,,,,,
nuc,/home/data/HeLa/Set0_2/processed/*,mean_intensity,13,,,191.599029541,179.618728638,,,192.940155029,,219.400436401,235.961669922,230.810211182,,,,,,179.290542603,,223.654510498,,180.540237427,143.008132935,65.5641021729,,,,,,,,
nuc,/home/data/HeLa/Set0_2/processed/*,mean_intensity,14,,,196.961486816,188.207687378,,,195.584487915,,223.286346436,237.844284058,233.248916626,,,,,,186.751724243,,224.985290527,,182.051513672,210.389709473,69.2857131958,219.179244995,,,,,,,
nuc,/home/data/HeLa/Set0_2/processed/*,mean_intensity,15,,,195.964996338,181.807846069,,,189.762802124,,217.937789917,235.132278442,230.338134766,,,,,,181.755020142,,221.780822754,,181.663085938,224.024993896,,,147.362197876,149.5546875,239.443710327,,,,
nuc,/home/data/HeLa/Set0_2/processed/*,mean_intensity,16,,,199.372360229,183.527008057,,,191.763259888,,216.82510376,235.291259766,232.429428101,,,,,,,,221.114990234,,179.493148804,173.385620117,,,160.268386841,217.548248291,196.392044067,190.641342163,,,
nuc,/home/data/HeLa/Set0_2/processed/*,mean_intensity,17,,,195.744094849,175.141998291,,,197.709243774,,211.68762207,234.372787476,229.990188599,,,,,,,,216.610519409,,173.522491455,165.022857666,,,95.7679748535,175.48147583,202.484069824,176.844589233,,,
nuc,/home/data/HeLa/Set0_2/processed/*,mean_intensity,18,,,191.798141479,178.021652222,,,188.771011353,,211.87890625,232.229095459,226.648651123,,,,,,,,218.807754517,,184.438400269,160.792922974,,,,117.016525269,,181.762069702,154.976074219,203.892379761,
nuc,/home/data/HeLa/Set0_2/processed/*,mean_intensity,19,,,177.800735474,165.948272705,,,172.831848145,,202.744720459,225.267440796,217.629302979,,,,,,,,212.696655273,,178.138793945,167.415725708,,,,132.141662598,,,129.5025177,157.976104736,176.772415161
nuc,/home/data/HeLa/Set0_2/processed/*,median_intensity,0,145.5,239.0,186.0,165.0,183.5,167.0,179.0,203.0,202.0,229.0,222.0,,,,,,,,,,,,,,,,,,,,
nuc,/home/data/HeLa/Set0_2/processed/*,median_intensity,1,161.0,239.0,186.0,168.0,177.0,168.0,181.0,211.0,204.0,230.0,223.0,,,,,,,,,,,,,,,,,,,,
nuc,/home/data/HeLa/Set0_2/processed/*,median_intensity,2,172.0,,182.0,158.0,,,170.0,,189.0,223.0,223.0,117.0,96.0,166.0,155.0,199.0,,,,,,,,,,,,,,,
nuc,/home/data/HeLa/Set0_2/processed/*,median_intensity,3,169.0,,182.0,161.0,,,168.0,,192.0,222.0,222.0,118.0,106.0,167.0,157.0,203.0,,,,,,,,,,,,,,,
nuc,/home/data/HeLa/Set0_2/processed/*,median_intensity,4,177.0,,185.0,165.5,,,178.0,,194.0,232.0,224.0,123.0,113.0,179.0,172.0,205.0,,,,,,,,,,,,,,,
nuc,/home/data/HeLa/Set0_2/processed/*,median_intensity,5,168.0,,180.0,157.0,,,168.0,,189.0,223.0,222.0,116.0,117.0,171.0,164.0,196.0,,,,,,,,,,,,,,,
nuc,/home/data/HeLa/Set0_2/processed/*,median_intensity,6,172.0,,184.0,157.0,,,166.0,,190.0,231.0,223.0,117.0,111.0,170.0,171.0,198.0,,,,,,,,,,,,,,,
nuc,/home/data/HeLa/Set0_2/processed/*,median_intensity,7,172.0,,179.0,153.0,,,161.0,,187.0,231.0,223.0,123.0,112.0,167.0,177.5,197.0,,,,,,,,,,,,,,,
nuc,/home/data/HeLa/Set0_2/processed/*,median_intensity,8,175.0,,182.0,159.0,,,164.0,,190.0,232.0,224.0,121.0,111.0,165.5,182.5,199.0,,,,,,,,,,,,,,,
nuc,/home/data/HeLa/Set0_2/processed/*,median_intensity,9,174.0,,183.0,162.0,,,165.0,,191.0,223.0,215.0,126.0,110.0,170.0,177.0,198.0,,,,,,,,,,,,,,,
nuc,/home/data/HeLa/Set0_2/processed/*,median_intensity,10,174.0,,189.0,176.0,,,197.0,,239.0,229.0,229.0,223.0,,,201.0,,210.0,238.0,240.0,,,,,,,,,,,,
nuc,/home/data/HeLa/Set0_2/processed/*,median_intensity,11,170.0,,181.0,164.0,,,165.0,,191.0,228.0,219.0,121.0,,,179.0,,132.0,169.0,201.0,,,,,,,,,,,,
nuc,/home/data/HeLa/Set0_2/processed/*,median_intensity,12,,,185.0,173.0,,,182.0,,239.0,231.0,231.0,237.0,,,,,179.0,230.0,217.0,171.0,,,,,,,,,,,
nuc,/home/data/HeLa/Set0_2/processed/*,median_intensity,13,,,195.0,180.0,,,193.0,,217.0,239.0,231.0,,,,,,178.5,,219.0,,179.5,147.0,62.5,,,,,,,,
nuc,/home/data/HeLa/Set0_2/processed/*,median_intensity,14,,,201.0,189.0,,,195.0,,218.0,238.0,231.0,,,,,,187.5,,219.0,,183.0,208.0,64.0,220.0,,,,,,,
nuc,/home/data/HeLa/Set0_2/processed/*,median_intensity,15,,,199.0,183.0,,,190.0,,215.0,237.0,230.0,,,,,,182.0,,217.0,,182.0,223.0,,,164.0,176.5,239.0,,,,
nuc,/home/data/HeLa/Set0_2/processed/*,median_intensity,16,,,201.0,183.0,,,191.0,,215.0,237.0,237.0,,,,,,,,222.0,,180.5,176.0,,,181.5,222.0,201.0,192.0,,,
nuc,/home/data/HeLa/Set0_2/processed/*,median_intensity,17,,,197.0,175.0,,,193.0,,206.0,239.0,231.0,,,,,,,,216.0,,175.0,166.0,,,105.5,194.0,208.0,179.0,,,
nuc,/home/data/HeLa/Set0_2/processed/*,median_intensity,18,,,194.5,176.0,,,186.0,,205.0,230.0,230.0,,,,,,,,215.0,,184.0,161.5,,,,133.0,,186.0,178.0,211.0,
nuc,/home/data/HeLa/Set0_2/processed/*,median_intensity,19,,,182.0,162.0,,,173.0,,196.0,229.0,214.0,,,,,,,,210.0,,175.0,165.5,,,,121.0,,,130.0,156.0,176.0
nuc,/home/data/HeLa/Set0_2/processed/*,min_intensity,0,0.0,123.0,114.0,109.0,107.0,104.0,121.0,171.0,166.0,194.0,191.0,,,,,,,,,,,,,,,,,,,,
nuc,/home/data/HeLa/Set0_2/processed/*,min_intensity,1,29.0,165.0,115.0,107.0,117.0,107.0,120.0,174.0,172.0,191.0,190.0,,,,,,,,,,,,,,,,,,,,
nuc,/home/data/HeLa/Set0_2/processed/*,min_intensity,2,99.0,,114.0,103.0,,,120.0,,157.0,190.0,190.0,0.0,0.0,116.0,118.0,162.0,,,,,,,,,,,,,,,
nuc,/home/data/HeLa/Set0_2/processed/*,min_intensity,3,108.0,,106.0,109.0,,,120.0,,161.0,193.0,189.0,10.0,17.0,129.0,111.0,168.0,,,,,,,,,,,,,,,
nuc,/home/data/HeLa/Set0_2/processed/*,min_intensity,4,107.0,,121.0,115.0,,,123.0,,167.0,194.0,194.0,0.0,22.0,137.0,120.0,169.0,,,,,,,,,,,,,,,
nuc,/home/data/HeLa/Set0_2/processed/*,min_intensity,5,100.0,,109.0,108.0,,,111.0,,155.0,192.0,187.0,0.0,3.0,124.0,117.0,157.0,,,,,,,,,,,,,,,
nuc,/home/data/HeLa/Set0_2/processed/*,min_intensity,6,98.0,,115.0,105.0,,,108.0,,153.0,187.0,189.0,6.0,0.0,119.0,128.0,159.0,,,,,,,,,,,,,,,
nuc,/home/data/HeLa/Set0_2/processed/*,min_intensity,7,104.0,,117.0,106.0,,,108.0,,155.0,193.0,189.0,18.0,0.0,121.0,129.0,149.0,,,,,,,,,,,,,,,
nuc,/home/data/HeLa/Set0_2/processed/*,min_intensity,8,110.0,,119.0,108.0,,,107.0,,154.0,195.0,193.0,34.0,0.0,113.0,133.0,157.0,,,,,,,,,,,,,,,
nuc,/home/data/HeLa/Set0_2/processed/*,min_intensity,9,112.0,,120.0,112.0,,,111.0,,156.0,195.0,192.0,20.0,0.0,107.0,131.0,159.0,,,,,,,,,,,,,,,
nuc,/home/data/HeLa/Set0_2/processed/*,min_intensity,10,76.0,,98.0,105.0,,,133.0,,186.0,188.0,189.0,75.0,,,108.0,,113.0,197.0,180.0,,,,,,,,,,,,
nuc,/home/data/HeLa/Set0_2/processed/*,min_intensity,11,103.0,,112.0,108.0,,,114.0,,159.0,194.0,189.0,32.0,,,124.0,,0.0,110.0,157.0,,,,,,,,,,,,
nuc,/home/data/HeLa/Set0_2/processed/*,min_intensity,12,,,121.0,113.0,,,116.0,,159.0,197.0,196.0,70.0,,,,,115.0,134.0,172.0,116.0,,,,,,,,,,,
nuc,/home/data/HeLa/Set0_2/processed/*,min_intensity,13,,,128.0,125.0,,,148.0,,193.0,206.0,198.0,,,,,,111.0,,190.0,,123.0,78.0,0.0,,,,,,,,
nuc,/home/data/HeLa/Set0_2/processed/*,min_intensity,14,,,145.0,138.0,,,154.0,,197.0,209.0,209.0,,,,,,134.0,,195.0,,129.0,172.0,0.0,157.0,,,,,,,
nuc,/home/data/HeLa/Set0_2/processed/*,min_intensity,15,,,143.0,126.0,,,149.0,,191.0,203.0,203.0,,,,,,128.0,,188.0,,132.0,187.0,,,0.0,0.0,214.0,,,,
nuc,/home/data/HeLa/Set0_2/processed/*,min_intensity,16,,,147.0,136.0,,,152.0,,188.0,210.0,208.0,,,,,,,,192.0,,135.0,112.0,,,0.0,144.0,115.0,135.0,,,
nuc,/home/data/HeLa/Set0_2/processed/*,min_intensity,17,,,137.0,122.0,,,140.0,,179.0,206.0,202.0,,,,,,,,184.0,,122.0,85.0,,,0.0,0.0,108.0,123.0,,,
nuc,/home/data/HeLa/Set0_2/processed/*,min_intensity,18,,,136.0,122.0,,,138.0,,180.0,200.0,201.0,,,,,,,,180.0,,124.0,113.0,,,,0.0,,123.0,0.0,120.0,
nuc,/home/data/HeLa/Set0_2/processed/*,min_intensity,19,,,113.0,103.0,,,119.0,,171.0,192.0,187.0,,,,,,,,170.0,,106.0,91.0,,,,2.0,,,0.0,102.0,111.0
nuc,/home/data/HeLa/Set0_2/processed/*,orientation,0,0.723260462284,-1.52333199978,1.47676944733,0.0821828097105,0.995755553246,1.12052607536,1.2822445631,0.0418404191732,0.151060417295,-0.719404637814,0.000778121582698,,,,,,,,,,,,,,,,,,,,
nuc,/home/data/HeLa/Set0_2/processed/*,orientation,1,0.683448016644,1.53157973289,-0.00617797393352,0.240631893277,0.8520398736,1.2610296011,1.30249261856,1.51314723492,1.53121089935,-0.554483354092,0.104440361261,,,,,,,,,,,,,,,,,,,,
nuc,/home/data/HeLa/Set0_2/processed/*,orientation,2,0.0664229094982,,0.0797187909484,0.230713829398,,,0.980942368507,,-0.853807091713,-0.382328927517,0.262910485268,1.03110730648,-0.208144202828,1.13773262501,0.648217976093,0.0638193786144,,,,,,,,,,,,,,,
nuc,/home/data/HeLa/Set0_2/processed/*,orientation,3,0.0928526595235,,-0.0191604085267,0.215889960527,,,0.725125074387,,-1.25522661209,-0.368821173906,0.165082499385,0.690814614296,-0.853403270245,1.23360359669,0.967119216919,0.183529645205,,,,,,,,,,,,,,,
nuc,/home/data/HeLa/Set0_2/processed/*,orientation,4,0.0435062460601,,1.45970058441,0.0808758810163,,,0.896787047386,,-0.421826124191,-0.138491824269,0.0484631620347,0.785437464714,0.986287474632,0.941372454166,0.854006171227,-0.0405723750591,,,,,,,,,,,,,,,
nuc,/home/data/HeLa/Set0_2/processed/*,orientation,5,0.0893252342939,,1.47059595585,0.181202709675,,,0.857943117619,,-0.175844609737,-0.283624380827,0.254902243614,0.616373717785,-1.33641827106,1.32274365425,1.1723304987,-0.0216654911637,,,,,,,,,,,,,,,
nuc,/home/data/HeLa/Set0_2/processed/*,orientation,6,0.0681951716542,,-0.0211280677468,0.181996896863,,,0.800549268723,,-0.62215000391,-0.247065320611,0.387862592936,0.78479385376,-1.46811676025,1.50982999802,1.19297373295,-0.0417090244591,,,,,,,,,,,,,,,
nuc,/home/data/HeLa/Set0_2/processed/*,orientation,7,-0.0116094872355,,1.34277701378,0.132465481758,,,0.874368727207,,-0.967433333397,-0.150511369109,0.205479905009,0.89655148983,1.35589277744,1.22244429588,0.547885775566,-0.188560202718,,,,,,,,,,,,,,,
nuc,/home/data/HeLa/Set0_2/processed/*,orientation,8,0.15736964345,,0.00816742237657,0.149302780628,,,1.02159261703,,-1.02476418018,0.0196187887341,0.0406400337815,0.883005917072,1.34164249897,1.07667469978,0.480977475643,-0.053127489984,,,,,,,,,,,,,,,
nuc,/home/data/HeLa/Set0_2/processed/*,orientation,9,0.14094260335,,0.0335829816759,0.161860287189,,,0.715210318565,,-0.72674626112,-0.306158214808,0.140129834414,0.766763329506,1.53361988068,0.710234940052,0.781696915627,-0.287530452013,,,,,,,,,,,,,,,
nuc,/home/data/HeLa/Set0_2/processed/*,orientation,10,0.116881631315,,-0.00254162377678,0.192792102695,,,0.970239698887,,-0.570080637932,-0.276128947735,0.126972422004,1.04736173153,,,0.585902094841,,-1.44070208073,0.91809117794,-0.0392962582409,,,,,,,,,,,,
nuc,/home/data/HeLa/Set0_2/processed/*,orientation,11,0.178985863924,,1.48893761635,0.0950382128358,,,1.07870590687,,-0.45944622159,-0.242935836315,0.299346745014,1.00037574768,,,1.34954726696,,1.21094322205,0.841296494007,-0.145601853728,,,,,,,,,,,,
nuc,/home/data/HeLa/Set0_2/processed/*,orientation,12,,,1.41806638241,0.248939037323,,,1.22298598289,,-0.0373138338327,1.55562806129,0.275709122419,0.480076253414,,,,,0.821935296059,-1.51037847996,1.5359660387,0.768279254436,,,,,,,,,,,
nuc,/home/data/HeLa/Set0_2/processed/*,orientation,13,,,-0.0023369952105,0.134298607707,,,1.21323287487,,1.50714755058,1.55784976482,-0.0473956540227,,,,,,0.881277441978,,1.53664243221,,1.1885279417,1.47071731091,0.717318713665,,,,,,,,
nuc,/home/data/HeLa/Set0_2/processed/*,orientation,14,,,1.40479433537,0.187635555863,,,0.873164892197,,0.103714637458,1.55603075027,0.290455341339,,,,,,0.98405790329,,0.0311207063496,,1.13021063805,-1.46222877502,0.75070720911,1.05991983414,,,,,,,
nuc,/home/data/HeLa/Set0_2/processed/*,orientation,15,,,0.0337837301195,0.0488995239139,,,1.19539582729,,0.236120596528,1.56513333321,0.00345027446747,,,,,,1.36806643009,,0.0732591226697,,1.34468197823,-1.32737147808,,,0.859616816044,0.759633779526,1.17819261551,,,,
nuc,/home/data/HeLa/Set0_2/processed/*,orientation,16,,,0.00298045319505,0.186609238386,,,1.03728020191,,-0.422655016184,-0.370103925467,0.253157138824,,,,,,,,0.106011554599,,1.47176992893,1.46373581886,,,0.827473402023,1.03796470165,0.671747565269,-0.526298224926,,,
nuc,/home/data/HeLa/Set0_2/processed/*,orientation,17,,,-0.00924779754132,0.162607252598,,,0.928657352924,,-0.919332027435,1.54578149319,0.202406719327,,,,,,,,0.071760199964,,1.01169681549,1.33582413197,,,1.23702585697,1.48577415943,0.503784060478,1.12694692612,,,
nuc,/home/data/HeLa/Set0_2/processed/*,orientation,18,,,-0.0255787130445,0.171369969845,,,1.13822448254,,-0.845301508904,-1.55462348461,0.259770303965,,,,,,,,0.0764689072967,,1.15540874004,1.30537843704,,,,0.709549963474,,1.09718430042,0.269486784935,0.618611097336,
nuc,/home/data/HeLa/Set0_2/processed/*,orientation,19,,,1.42473125458,0.183711096644,,,0.843168795109,,-1.57079637051,-1.56354165077,0.305262714624,,,,,,,,0.0993958190084,,-1.44834923744,-1.55833613873,,,,-0.222636550665,,,0.768859386444,0.776454567909,-0.504426956177
nuc,/home/data/HeLa/Set0_2/processed/*,perimeter,0,91.8406219482,60.3847770691,99.3553390503,80.2842712402,58.2842712402,64.2842712402,86.7695541382,71.556350708,77.2132034302,89.112701416,87.3553390503,,,,,,,,,,,,,,,,,,,,
nuc,/home/data/HeLa/Set0_2/processed/*,perimeter,1,89.5979766846,63.2132034302,111.941123962,87.0121917725,60.0416297913,62.8700561523,85.9411239624,87.3847732544,84.3847732544,95.6984863281,100.42640686,,,,,,,,,,,,,,,,,,,,
nuc,/home/data/HeLa/Set0_2/processed/*,perimeter,2,99.0121917725,,100.526908875,85.6984863281,,,91.9411239624,,81.6984863281,89.3553390503,99.8406219482,89.5979766846,65.6984863281,63.1126976013,61.6984863281,89.9411239624,,,,,,,,,,,,,,,
nuc,/home/data/HeLa/Set0_2/processed/*,perimeter,3,101.35533905,,145.870056152,80.5269088745,,,93.5979766846,,82.2842712402,81.112701416,94.5269088745,76.7695541382,63.6984863281,64.2842712402,69.9411239624,95.4558410645,,,,,,,,,,,,,,,
nuc,/home/data/HeLa/Set0_2/processed/*,perimeter,4,94.8700561523,,101.455841064,92.7695541382,,,106.083259583,,78.8700561523,81.6984863281,97.8406219482,88.1837692261,67.112701416,67.6984863281,75.5979766846,96.2842712402,,,,,,,,,,,,,,,
nuc,/home/data/HeLa/Set0_2/processed/*,perimeter,5,104.183769226,,92.5269088745,89.3553390503,,,106.669044495,,88.8700561523,88.2842712402,97.0121917725,90.1837692261,69.4558410645,64.8700561523,72.4264068604,102.28427124,,,,,,,,,,,,,,,
nuc,/home/data/HeLa/Set0_2/processed/*,perimeter,6,105.597976685,,125.491378784,89.0121917725,,,94.4264068604,,93.0121917725,86.041633606,103.840621948,93.0121917725,70.8700561523,62.8700561523,73.5979766846,94.8700561523,,,,,,,,,,,,,,,
nuc,/home/data/HeLa/Set0_2/processed/*,perimeter,7,112.42640686,,106.526908875,90.4264068604,,,93.0121917725,,88.1837692261,91.112701416,102.183769226,91.2548370361,66.041633606,71.112701416,77.9411239624,92.5269088745,,,,,,,,,,,,,,,
nuc,/home/data/HeLa/Set0_2/processed/*,perimeter,8,104.769554138,,133.941131592,85.4558410645,,,94.0832595825,,85.112701416,79.2132034302,101.597976685,93.2548370361,75.112701416,64.5269088745,79.0121917725,98.7695541382,,,,,,,,,,,,,,,
nuc,/home/data/HeLa/Set0_2/processed/*,perimeter,9,107.012191772,,117.870056152,91.3553390503,,,95.0121917725,,95.5979766846,86.1837692261,97.9411239624,100.669044495,74.2842712402,70.7695541382,87.2548370361,92.1837692261,,,,,,,,,,,,,,,
nuc,/home/data/HeLa/Set0_2/processed/*,perimeter,10,107.941123962,,129.041625977,88.1837692261,,,98.7695541382,,88.1837692261,82.2842712402,99.3553390503,83.5979766846,,,85.0121917725,,76.2842712402,75.3553390503,101.597976685,,,,,,,,,,,,
nuc,/home/data/HeLa/Set0_2/processed/*,perimeter,11,106.526908875,,104.526908875,99.112701416,,,102.42640686,,91.0121917725,86.8700561523,94.5269088745,90.4264068604,,,77.9411239624,,90.1837692261,81.3553390503,101.254837036,,,,,,,,,,,,
nuc,/home/data/HeLa/Set0_2/processed/*,perimeter,12,,,95.3553390503,91.2548370361,,,86.1837692261,,81.3553390503,100.698486328,98.1837692261,65.112701416,,,,,64.6984863281,62.0416297913,100.041633606,59.6984863281,,,,,,,,,,,
nuc,/home/data/HeLa/Set0_2/processed/*,perimeter,13,,,109.526908875,77.6984863281,,,88.4264068604,,89.041633606,104.041633606,91.0121917725,,,,,,63.1126976013,,106.21320343,,67.6984863281,57.7989883423,67.5979766846,,,,,,,,
nuc,/home/data/HeLa/Set0_2/processed/*,perimeter,14,,,102.526908875,87.0121917725,,,91.2548370361,,80.041633606,143.597976685,97.8406219482,,,,,,63.1126976013,,87.7989883423,,65.6984863281,44.1421356201,69.3553390503,35.556350708,,,,,,,
nuc,/home/data/HeLa/Set0_2/processed/*,perimeter,15,,,108.526908875,86.1837692261,,,93.4974746704,,74.8700561523,159.35534668,97.0121917725,,,,,,56.6274185181,,87.6984863281,,59.4558448792,49.7989883423,,,57.1126976013,58.5269126892,44.3847770691,,,,
nuc,/home/data/HeLa/Set0_2/processed/*,perimeter,16,,,131.870056152,90.7695541382,,,88.1837692261,,79.4558410645,91.6984863281,95.9411239624,,,,,,,,85.4558410645,,63.2132034302,46.9705619812,,,60.5269126892,54.2842712402,47.2132034302,68.041633606,,,
nuc,/home/data/HeLa/Set0_2/processed/*,perimeter,17,,,104.28427124,85.3553390503,,,97.2548370361,,83.2132034302,94.4558410645,98.5269088745,,,,,,,,92.041633606,,63.4558448792,53.7989883423,,,63.1126976013,61.7989883423,48.0416297913,64.8700561523,,,
nuc,/home/data/HeLa/Set0_2/processed/*,perimeter,18,,,97.4558410645,87.112701416,,,90.5269088745,,85.112701416,109.041633606,94.1837692261,,,,,,,,100.870056152,,69.7989883423,53.2132034302,,,,68.8700561523,,66.041633606,73.112701416,54.0416297913,
nuc,/home/data/HeLa/Set0_2/processed/*,perimeter,19,,,90.2842712402,90.5269088745,,,90.4264068604,,86.9705657959,124.905593872,96.7695541382,,,,,,,,101.698486328,,63.2132034302,50.9705619812,,,,56.6274185181,,,73.3553390503,61.9411239624,78.041633606
nuc,/home/data/HeLa/Set0_2/processed/*,solidity,0,0.987460792065,0.981203019619,0.957317054272,0.968354403973,0.953125,0.981651365757,0.956521749496,0.99696969986,0.992500007153,0.98489934206,0.979345977306,,,,,,,,,,,,,,,,,,,,
nuc,/home/data/HeLa/Set0_2/processed/*,solidity,1,0.98196721077,0.985865712166,0.100520193577,0.956756770611,0.956521749496,0.980830669403,0.95210725069,0.0897793546319,0.0954992026091,0.989409983158,0.981081068516,,,,,,,,,,,,,,,,,,,,
nuc,/home/data/HeLa/Set0_2/processed/*,solidity,2,0.96604937315,,0.109783418477,0.956262409687,,,0.969936728477,,0.980582535267,0.97938144207,0.984063744545,0.928321659565,0.967065870762,0.969072163105,0.968309879303,0.986301362514,,,,,,,,,,,,,,,
nuc,/home/data/HeLa/Set0_2/processed/*,solidity,3,0.981401979923,,0.0864510983229,0.950216472149,,,0.9784283638,,0.982692301273,0.973523437977,0.991071403027,0.956422030926,0.987460792065,0.959866225719,0.972602725029,0.986607134342,,,,,,,,,,,,,,,
nuc,/home/data/HeLa/Set0_2/processed/*,solidity,4,0.985436916351,,0.961971819401,0.953405022621,,,0.937179505825,,0.987755119801,0.993927121162,0.98793566227,0.936902463436,0.956140339375,0.949404776096,0.93483710289,0.988269805908,,,,,,,,,,,,,,,
nuc,/home/data/HeLa/Set0_2/processed/*,solidity,5,0.963636338711,,0.949066221714,0.975609779358,,,0.961977183819,,0.969849228859,0.977900564671,0.987637341022,0.92909091711,0.966480433941,0.994011998177,0.968169748783,0.9765625,,,,,,,,,,,,,,,
nuc,/home/data/HeLa/Set0_2/processed/*,solidity,6,0.978919625282,,0.0780664160848,0.958115160465,,,0.970992386341,,0.969278037548,0.986166000366,0.979064047337,0.912891983986,0.968169748783,0.980519473553,0.957499980927,0.994134902954,,,,,,,,,,,,,,,
nuc,/home/data/HeLa/Set0_2/processed/*,solidity,7,0.975235819817,,0.952442169189,0.95068025589,,,0.987748861313,,0.973553717136,0.980769217014,0.987309634686,0.927007317543,0.987804889679,0.937677025795,0.963123619556,0.987860381603,,,,,,,,,,,,,,,
nuc,/home/data/HeLa/Set0_2/processed/*,solidity,8,0.973684191704,,0.0770218223333,0.978131234646,,,0.94505494833,,0.976744174957,0.993644058704,0.991002559662,0.931985318661,0.962962985039,0.961783468723,0.967032968998,0.979946553707,,,,,,,,,,,,,,,
nuc,/home/data/HeLa/Set0_2/processed/*,solidity,9,0.969230771065,,0.120046429336,0.979899525642,,,0.954968929291,,0.971726179123,0.992467045784,0.982336938381,0.904545426369,0.981220662594,0.945355176926,0.939068078995,0.983128845692,,,,,,,,,,,,,,,
nuc,/home/data/HeLa/Set0_2/processed/*,solidity,10,0.974009871483,,0.0785010308027,0.971978962421,,,0.931952655315,,0.971088409424,0.983193278313,0.98389261961,0.929936289787,,,0.961832046509,,0.988789260387,0.947499990463,0.983627200127,,,,,,,,,,,,
nuc,/home/data/HeLa/Set0_2/processed/*,solidity,11,0.975641012192,,0.963585436344,0.969026565552,,,0.932506859303,,0.976303339005,0.971717178822,0.983799695969,0.941499114037,,,0.958963274956,,0.976391255856,0.95424836874,0.977157354355,,,,,,,,,,,,
nuc,/home/data/HeLa/Set0_2/processed/*,solidity,12,,,0.945901632309,0.94339621067,,,0.974217295647,,0.981670081615,0.122426629066,0.98191934824,0.968652009964,,,,,0.93059939146,0.975000023842,0.0806561857462,0.982638895512,,,,,,,,,,,
nuc,/home/data/HeLa/Set0_2/processed/*,solidity,13,,,0.0786015093327,0.973333358765,,,0.955719530582,,0.109284333885,0.113079532981,0.984301388264,,,,,,0.964169383049,,0.0741565898061,,0.977528095245,0.98400002718,0.971962630749,,,,,,,,
nuc,/home/data/HeLa/Set0_2/processed/*,solidity,14,,,0.960170686245,0.966542780399,,,0.965058207512,,0.98695653677,0.117904663086,0.969144463539,,,,,,0.957095682621,,0.989605009556,,0.976331353188,0.971428573132,0.966197192669,0.990654230118,,,,,,,
nuc,/home/data/HeLa/Set0_2/processed/*,solidity,15,,,0.100066713989,0.967741906643,,,0.955954313278,,0.990867555141,0.111225537956,0.978873252869,,,,,,0.97265625,,0.986486494541,,0.985865712166,0.958083808422,,,0.9921875,0.984615385532,0.96794873476,,,,
nuc,/home/data/HeLa/Set0_2/processed/*,solidity,16,,,0.0784038752317,0.948763251305,,,0.953068614006,,0.991836726665,0.991974294186,0.978197693825,,,,,,,,0.981854856014,,0.976588606834,0.93865031004,,,0.981949448586,0.982758641243,0.983240246773,0.961988329887,,,
nuc,/home/data/HeLa/Set0_2/processed/*,solidity,17,,,0.0750272348523,0.961538434029,,,0.93848580122,,0.994318187237,0.156353592873,0.990291237831,,,,,,,,0.986159145832,,0.966555178165,0.935828864574,,,0.977635800838,0.981818199158,0.940119743347,0.967320263386,,,
nuc,/home/data/HeLa/Set0_2/processed/*,solidity,18,,,0.0957616567612,0.96946567297,,,0.985389590263,,0.987318813801,0.115110680461,0.983751833439,,,,,,,,0.975794255733,,0.97759103775,0.970588207245,,,,0.970588207245,,0.941558420658,0.988179683685,0.982378840446,
nuc,/home/data/HeLa/Set0_2/processed/*,solidity,19,,,0.978339374065,0.983050823212,,,0.972173929214,,0.996491253376,0.10509776324,0.981664299965,,,,,,,,0.987106025219,,0.972318351269,0.978021979332,,,,0.971659898758,,,0.970731735229,0.98322147131,0.979729712009
nuc,/home/data/HeLa/Set0_2/processed/*,std_intensity,0,53.1404571533,27.4107036591,28.6067428589,34.119682312,36.5179595947,26.284526825,29.4125289917,21.488527298,24.5648536682,14.4465904236,15.5222558975,,,,,,,,,,,,,,,,,,,,
nuc,/home/data/HeLa/Set0_2/processed/*,std_intensity,1,52.6929855347,17.6148929596,28.0163707733,36.2272224426,25.5315799713,26.4407844543,29.9728031158,21.3458442688,24.1108665466,14.8759422302,14.5946798325,,,,,,,,,,,,,,,,,,,,
nuc,/home/data/HeLa/Set0_2/processed/*,std_intensity,2,26.6858119965,,23.9841156006,27.5339298248,,,26.235250473,,18.2186145782,15.9466714859,14.5971775055,39.6317520142,40.3643913269,19.3189983368,22.3452243805,18.0451793671,,,,,,,,,,,,,,,
nuc,/home/data/HeLa/Set0_2/processed/*,std_intensity,3,25.8558311462,,29.191286087,26.0897655487,,,27.8737716675,,21.6625366211,14.2977485657,14.9459524155,34.5090560913,34.9401245117,19.5575809479,23.2943229675,20.679681778,,,,,,,,,,,,,,,
nuc,/home/data/HeLa/Set0_2/processed/*,std_intensity,4,26.0878067017,,25.413646698,29.2472915649,,,30.0318965912,,17.7762241364,15.2325468063,13.411980629,38.6356658936,36.8130607605,19.8664627075,22.7311496735,19.7792339325,,,,,,,,,,,,,,,
nuc,/home/data/HeLa/Set0_2/processed/*,std_intensity,5,27.1746387482,,22.505651474,27.7828483582,,,33.0124053955,,21.68800354,15.4244632721,15.0041427612,37.6647987366,43.3984184265,23.7432422638,20.1067276001,21.9898891449,,,,,,,,,,,,,,,
nuc,/home/data/HeLa/Set0_2/processed/*,std_intensity,6,29.4945678711,,25.965007782,27.600610733,,,29.4964675903,,20.6701641083,16.2108707428,16.021982193,37.8940124512,41.7963752747,24.3011569977,22.0990657806,20.1660938263,,,,,,,,,,,,,,,
nuc,/home/data/HeLa/Set0_2/processed/*,std_intensity,7,32.0726966858,,25.418132782,26.96134758,,,26.7312927246,,21.1383266449,14.9737205505,15.0234699249,37.8102073669,38.8852882385,23.0182056427,23.410949707,22.0086898804,,,,,,,,,,,,,,,
nuc,/home/data/HeLa/Set0_2/processed/*,std_intensity,8,27.8996677399,,26.7631149292,27.8352546692,,,25.8013877869,,18.7787361145,14.5297365189,14.4429616928,37.2226219177,44.3697280884,23.6335926056,20.9387302399,19.8089771271,,,,,,,,,,,,,,,
nuc,/home/data/HeLa/Set0_2/processed/*,std_intensity,9,27.9614219666,,25.6004600525,29.2718257904,,,29.9186763763,,21.411315918,14.8373641968,14.2131900787,44.3393478394,44.7329216003,22.2695198059,19.7115058899,19.4354629517,,,,,,,,,,,,,,,
nuc,/home/data/HeLa/Set0_2/processed/*,std_intensity,10,40.7063865662,,33.4383773804,37.8896064758,,,31.1419525146,,14.5358228683,16.1178207397,15.7558021545,38.7184371948,,,38.7239227295,,38.0715866089,11.3306493759,19.0115394592,,,,,,,,,,,,
nuc,/home/data/HeLa/Set0_2/processed/*,std_intensity,11,29.2041110992,,24.1914844513,36.3735198975,,,30.4383888245,,22.574798584,15.0432405472,14.5677032471,38.335018158,,,20.6420536041,,51.2655029297,23.8198432922,20.7336540222,,,,,,,,,,,,
nuc,/home/data/HeLa/Set0_2/processed/*,std_intensity,12,,,24.2316970825,34.9435539246,,,38.6382217407,,25.1543159485,14.6056003571,14.645409584,40.317440033,,,,,24.5608024597,33.1866760254,22.7108421326,23.8973865509,,,,,,,,,,,
nuc,/home/data/HeLa/Set0_2/processed/*,std_intensity,13,,,24.0535774231,26.7386875153,,,20.9549598694,,17.0200634003,11.3363809586,12.115237236,,,,,,30.271686554,,17.2740707397,,27.7841873169,29.5366649628,48.8234214783,,,,,,,,
nuc,/home/data/HeLa/Set0_2/processed/*,std_intensity,14,,,20.398147583,26.5137691498,,,19.9175395966,,15.4417171478,10.6608781815,10.4525108337,,,,,,25.9261627197,,16.1149291992,,23.2349090576,15.2296981812,57.2756614685,23.9731750488,,,,,,,
nuc,/home/data/HeLa/Set0_2/processed/*,std_intensity,15,,,19.7744903564,27.0151443481,,,19.7278423309,,16.9266052246,11.3592586517,10.5799827576,,,,,,23.2076416016,,16.848783493,,20.0007457733,18.943649292,,,62.4314002991,78.2552261353,9.15548992157,,,,
nuc,/home/data/HeLa/Set0_2/processed/*,std_intensity,16,,,20.967792511,25.8046607971,,,19.6892242432,,16.0075950623,9.86458206177,10.2071342468,,,,,,,,14.8651409149,,22.5108032227,32.7300567627,,,64.7430267334,26.093832016,35.3908348083,25.8670711517,,,
nuc,/home/data/HeLa/Set0_2/processed/*,std_intensity,17,,,20.0755786896,27.9406833649,,,29.0164451599,,18.2191295624,12.0680007935,12.245672226,,,,,,,,17.4346675873,,23.6941375732,39.7594146729,,,75.4338302612,66.3508987427,37.6741981506,23.2514781952,,,
nuc,/home/data/HeLa/Set0_2/processed/*,std_intensity,18,,,21.8062591553,30.219171524,,,26.0791835785,,18.9378509521,12.4369726181,12.6166496277,,,,,,,,18.7207202911,,28.6479434967,22.1344051361,,,,77.1161651611,,22.4387741089,79.5981521606,37.1605072021,
nuc,/home/data/HeLa/Set0_2/processed/*,std_intensity,19,,,23.0036296844,33.0224189758,,,25.7717437744,,22.9582443237,15.0306406021,14.9793138504,,,,,,,,21.5121250153,,39.1536598206,36.8520622253,,,,64.1762313843,,,46.4836235046,24.9972572327,28.4850616455
nuc,/home/data/HeLa/Set0_2/processed/*,total_intensity,0,93640.0,58616.0,116388.0,77613.0,44777.0,52894.0,91631.0,68674.0,82454.0,133073.0,125947.0,,,,,,,,,,,,,,,,,,,,
nuc,/home/data/HeLa/Set0_2/processed/*,total_intensity,1,98885.0,64578.0,120840.0,92120.0,45924.0,51049.0,90636.0,75741.0,87536.0,149959.0,162270.0,,,,,,,,,,,,,,,,,,,,
nuc,/home/data/HeLa/Set0_2/processed/*,total_intensity,2,105850.0,,104674.0,76644.0,,,105830.0,,97894.0,128178.0,164155.0,63180.0,31394.0,46702.0,43725.0,116513.0,,,,,,,,,,,,,,,
nuc,/home/data/HeLa/Set0_2/processed/*,total_intensity,3,114214.0,,116629.0,70373.0,,,108702.0,,100693.0,107606.0,147691.0,49856.0,33384.0,47896.0,56349.0,137558.0,,,,,,,,,,,,,,,
nuc,/home/data/HeLa/Set0_2/processed/*,total_intensity,4,104971.0,,124761.0,89648.0,,,132086.0,,95063.0,112356.0,164471.0,61162.0,37084.0,57204.0,64217.0,139440.0,,,,,,,,,,,,,,,
nuc,/home/data/HeLa/Set0_2/processed/*,total_intensity,5,113929.0,,97859.0,88916.0,,,132083.0,,112351.0,119587.0,158699.0,59522.0,39067.0,56527.0,60266.0,150911.0,,,,,,,,,,,,,,,
nuc,/home/data/HeLa/Set0_2/processed/*,total_intensity,6,126139.0,,106538.0,87317.0,,,106612.0,,122492.0,113174.0,176298.0,61384.0,40131.0,51343.0,65180.0,136243.0,,,,,,,,,,,,,,,
nuc,/home/data/HeLa/Set0_2/processed/*,total_intensity,7,141542.0,,130364.0,86462.0,,,104997.0,,112638.0,116000.0,171534.0,61794.0,34854.0,55262.0,78447.0,128924.0,,,,,,,,,,,,,,,
nuc,/home/data/HeLa/Set0_2/processed/*,total_intensity,8,126650.0,,119055.0,79543.0,,,98951.0,,105540.0,107088.0,170730.0,62121.0,45130.0,50294.0,79826.0,145871.0,,,,,,,,,,,,,,,
nuc,/home/data/HeLa/Set0_2/processed/*,total_intensity,9,129344.0,,130906.0,95315.0,,,102683.0,,127191.0,119049.0,158322.0,76534.0,45648.0,57674.0,92406.0,127770.0,,,,,,,,,,,,,,,
nuc,/home/data/HeLa/Set0_2/processed/*,total_intensity,10,138250.0,,127034.0,99977.0,,,125946.0,,134902.0,105453.0,165838.0,91850.0,,,100325.0,,89856.0,90544.0,181210.0,,,,,,,,,,,,
nuc,/home/data/HeLa/Set0_2/processed/*,total_intensity,11,129307.0,,121479.0,112282.0,,,114171.0,,120835.0,108883.0,147234.0,62385.0,,,79232.0,,75354.0,73531.0,154927.0,,,,,,,,,,,,
nuc,/home/data/HeLa/Set0_2/processed/*,total_intensity,12,,,105129.0,97499.0,,,99914.0,,109142.0,128983.0,161706.0,67700.0,,,,,51477.0,59038.0,102788.0,47880.0,,,,,,,,,,,
nuc,/home/data/HeLa/Set0_2/processed/*,total_intensity,13,,,118025.0,78673.0,,,99943.0,,99169.0,141577.0,144718.0,,,,,,53070.0,,104223.0,,62828.0,35180.0,20456.0,,,,,,,,
nuc,/home/data/HeLa/Set0_2/processed/*,total_intensity,14,,,132949.0,97868.0,,,113439.0,,101372.0,166491.0,161175.0,,,,,,54158.0,,107093.0,,60077.0,28613.0,23765.0,23233.0,,,,,,,
nuc,/home/data/HeLa/Set0_2/processed/*,total_intensity,15,,,117579.0,92722.0,,,111201.0,,94585.0,177760.0,160085.0,,,,,,45257.0,,113330.0,,50684.0,35844.0,,,37430.0,38286.0,36156.0,,,,
nuc,/home/data/HeLa/Set0_2/processed/*,total_intensity,16,,,122614.0,98554.0,,,101251.0,,105377.0,145410.0,156425.0,,,,,,,,107683.0,,52412.0,26528.0,,,43593.0,49601.0,34565.0,62721.0,,,
nuc,/home/data/HeLa/Set0_2/processed/*,total_intensity,17,,,107855.0,87571.0,,,117637.0,,111136.0,132655.0,164213.0,,,,,,,,123468.0,,50148.0,28879.0,,,29305.0,47380.0,31790.0,52346.0,,,
nuc,/home/data/HeLa/Set0_2/processed/*,total_intensity,18,,,103571.0,90435.0,,,114584.0,,115474.0,138873.0,150948.0,,,,,,,,141131.0,,64369.0,31837.0,,,,42477.0,,52711.0,64780.0,45468.0,
nuc,/home/data/HeLa/Set0_2/processed/*,total_intensity,19,,,96368.0,96250.0,,,96613.0,,115159.0,135611.0,151470.0,,,,,,,,146548.0,,50057.0,29800.0,,,,31714.0,,,51542.0,46287.0,76896.0
nuc,/home/data/HeLa/Set0_2/processed/*,x,0,62.0857124329,108.298851013,9.1894903183,104.562088013,41.0860671997,55.3582572937,120.616600037,132.206680298,171.685134888,218.797271729,209.16696167,,,,,,,,,,,,,,,,,,,,
nuc,/home/data/HeLa/Set0_2/processed/*,x,1,64.5826339722,110.086021423,14.7990865707,101.216575623,40.7651519775,56.7361564636,121.042251587,132.519775391,172.220092773,217.753829956,210.111572266,,,,,,,,,,,,,,,,,,,,
nuc,/home/data/HeLa/Set0_2/processed/*,x,2,47.0591049194,,11.2006807327,99.3347167969,,,116.238174438,,167.035644531,214.596496582,208.539810181,74.9792861938,40.684211731,124.191490173,99.9199981689,128.256942749,,,,,,,,,,,,,,,
nuc,/home/data/HeLa/Set0_2/processed/*,x,3,50.1545181274,,26.3338489532,100.296127319,,,114.759056091,,166.362030029,214.4581604,206.433929443,74.0143890381,41.1587295532,124.818817139,100.400001526,129.120666504,,,,,,,,,,,,,,,
nuc,/home/data/HeLa/Set0_2/processed/*,x,4,48.1839065552,,9.59882831573,102.524436951,,,114.642951965,,165.111572266,213.820770264,205.598373413,75.7387771606,41.9235458374,121.413795471,99.7372665405,127.568252563,,,,,,,,,,,,,,,
nuc,/home/data/HeLa/Set0_2/processed/*,x,5,50.4426689148,,9.06618976593,101.492858887,,,115.243743896,,163.252151489,214.913375854,206.022247314,76.7964782715,40.70520401,122.554214478,98.8739700317,126.463996887,,,,,,,,,,,,,,,
nuc,/home/data/HeLa/Set0_2/processed/*,x,6,48.8909835815,,23.1886787415,101.211296082,,,114.418235779,,161.296356201,214.7915802,204.085540771,80.1240463257,40.1616439819,122.64238739,98.263710022,126.182891846,,,,,,,,,,,,,,,
nuc,/home/data/HeLa/Set0_2/processed/*,x,7,49.4824676514,,10.5479078293,101.171737671,,,115.767440796,,160.402374268,216.872543335,203.863754272,81.7598419189,42.4166679382,123.232627869,97.1599121094,126.546852112,,,,,,,,,,,,,,,
nuc,/home/data/HeLa/Set0_2/processed/*,x,8,50.6054039001,,23.5712127686,98.9126052856,,,113.877075195,,159.89743042,216.021316528,201.012969971,81.7238693237,41.1081733704,122.811256409,97.4727249146,126.854026794,,,,,,,,,,,,,,,
nuc,/home/data/HeLa/Set0_2/processed/*,x,9,48.3584671021,,13.9917125702,102.859832764,,,115.936584473,,158.898925781,217.055023193,200.699859619,82.5276412964,41.6602859497,122.72832489,98.6316757202,125.408737183,,,,,,,,,,,,,,,
nuc,/home/data/HeLa/Set0_2/processed/*,x,10,48.8068618774,,20.1401462555,101.308105469,,,112.119049072,,160.800354004,217.495727539,201.285125732,80.4589004517,,,98.835319519,,41.4058952332,122.440635681,125.585144043,,,,,,,,,,,,
nuc,/home/data/HeLa/Set0_2/processed/*,x,11,48.2457275391,,8.7005815506,99.8721466064,,,114.342689514,,161.86730957,218.405410767,201.43711853,81.5145645142,,,97.3761291504,,41.5164070129,122.047943115,125.51688385,,,,,,,,,,,,
nuc,/home/data/HeLa/Set0_2/processed/*,x,12,,,8.89947986603,101.099998474,,,120.595466614,,171.516601562,215.955276489,209.77053833,63.9644012451,,,,,39.4169502258,110.31867981,132.440673828,56.1378097534,,,,,,,,,,,
nuc,/home/data/HeLa/Set0_2/processed/*,x,13,,,15.8457794189,101.271690369,,,120.4034729,,171.836288452,216.330001831,209.173843384,,,,,,40.057434082,,132.186691284,,56.3247108459,109.0,63.7884597778,,,,,,,,
nuc,/home/data/HeLa/Set0_2/processed/*,x,14,,,9.4562959671,101.019233704,,,119.824134827,,168.704849243,214.729995728,210.33140564,,,,,,39.0586204529,,132.031509399,,55.2030296326,119.0,64.8979568481,97.6981124878,,,,,,,
nuc,/home/data/HeLa/Set0_2/processed/*,x,15,,,15.3483333588,101.809806824,,,119.433448792,,167.03225708,215.054229736,208.684890747,,,,,,38.5180740356,,129.874755859,,53.9175643921,120.900001526,,,69.2716522217,59.12890625,91.4105987549,,,,
nuc,/home/data/HeLa/Set0_2/processed/*,x,16,,,24.7300815582,101.338920593,,,118.922348022,,166.606994629,215.066345215,210.766723633,,,,,,,,131.954818726,,54.267124176,123.372550964,,,73.4154434204,54.4473686218,93.1079559326,37.4589653015,,,
nuc,/home/data/HeLa/Set0_2/processed/*,x,17,,,15.9909257889,99.9800033569,,,116.300842285,,166.779052734,214.100708008,211.617645264,,,,,,,,130.059646606,,54.2837371826,121.839996338,,,72.7712402344,49.0444450378,95.1273880005,38.6351356506,,,
nuc,/home/data/HeLa/Set0_2/processed/*,x,18,,,12.6296300888,98.8818893433,,,116.285011292,,166.640365601,213.668899536,209.279281616,,,,,,,,131.891479492,,56.6991386414,124.520202637,,,,48.6556472778,,39.7241363525,73.2416305542,95.255607605,
nuc,/home/data/HeLa/Set0_2/processed/*,x,19,,,8.25461292267,100.334480286,,,118.679786682,,167.0,213.759140015,208.821838379,,,,,,,,128.785202026,,59.871887207,124.106742859,,,,41.0499992371,,,74.5628128052,95.791809082,43.0229873657
nuc,/home/data/HeLa/Set0_2/processed/*,y,0,96.5650787354,111.758621216,90.8248443604,47.6034851074,55.7663917542,60.3956375122,73.6719360352,5.59878396988,7.06549119949,11.3986368179,59.409488678,,,,,,,,,,,,,,,,,,,,
nuc,/home/data/HeLa/Set0_2/processed/*,y,1,98.1035079956,113.698921204,92.946723938,46.8907737732,57.5643920898,59.254070282,75.287727356,14.0310735703,13.2703351974,11.3562688828,61.2245178223,,,,,,,,,,,,,,,,,,,,
nuc,/home/data/HeLa/Set0_2/processed/*,y,2,57.8546333313,,95.1207504272,50.8316001892,,,75.9477996826,,13.1544551849,10.0192985535,63.4750328064,98.0470809937,92.6563491821,133.095748901,104.41091156,10.9895830154,,,,,,,,,,,,,,,
nuc,/home/data/HeLa/Set0_2/processed/*,y,3,58.0510215759,,94.6785125732,49.5489730835,,,77.4157485962,,12.0058708191,9.67991638184,62.896396637,100.369300842,90.4920654297,132.641113281,108.57183075,10.9728507996,,,,,,,,,,,,,,,
nuc,/home/data/HeLa/Set0_2/processed/*,y,4,57.073890686,,95.4670562744,49.8345870972,,,77.2134094238,,12.2561979294,8.97148704529,64.2740859985,100.314285278,89.8379211426,133.404388428,111.396781921,11.1661720276,,,,,,,,,,,,,,,
nuc,/home/data/HeLa/Set0_2/processed/*,y,5,56.6400566101,,94.665473938,50.0374984741,,,77.9472961426,,12.369603157,9.14689254761,65.0250320435,103.093933105,92.6676330566,134.078308105,117.517807007,11.8866662979,,,,,,,,,,,,,,,
nuc,/home/data/HeLa/Set0_2/processed/*,y,6,55.8304176331,,94.9639816284,50.4735870361,,,77.990562439,,14.4183835983,8.50500965118,63.4213829041,104.709922791,90.347946167,133.907287598,121.007835388,12.5442476273,,,,,,,,,,,,,,,
nuc,/home/data/HeLa/Set0_2/processed/*,y,7,56.7388153076,,94.0350875854,52.0858688354,,,78.044960022,,18.3395576477,7.74509811401,65.7172241211,103.01574707,93.6296310425,135.685806274,122.759010315,13.1090631485,,,,,,,,,,,,,,,
nuc,/home/data/HeLa/Set0_2/processed/*,y,8,57.4135131836,,95.319694519,50.6808929443,,,78.1960144043,,17.5842494965,8.75692939758,66.8171234131,104.355026245,95.2980804443,135.231781006,123.395454407,13.8976812363,,,,,,,,,,,,,,,
nuc,/home/data/HeLa/Set0_2/processed/*,y,9,58.8465614319,,95.4723739624,51.3196563721,,,78.1756134033,,19.6738128662,9.134724617,65.0760726929,105.904525757,97.2942581177,137.13873291,124.185112,13.7909517288,,,,,,,,,,,,,,,
nuc,/home/data/HeLa/Set0_2/processed/*,y,10,57.3481559753,,95.8116760254,49.8882865906,,,79.3571395874,,20.4588432312,8.25213718414,63.2428359985,105.116439819,,,125.105155945,,98.1133804321,135.704483032,13.8143405914,,,,,,,,,,,,
nuc,/home/data/HeLa/Set0_2/processed/*,y,11,59.069644928,,95.7645339966,49.1567726135,,,79.496307373,,22.791261673,8.02286911011,63.9371261597,105.246604919,,,124.229728699,,99.1882553101,136.015975952,15.1688308716,,,,,,,,,,,,
nuc,/home/data/HeLa/Set0_2/processed/*,y,12,,,92.6429824829,47.5945472717,,,80.0094528198,,9.15975093842,19.5456180573,61.301700592,99.550163269,,,,,57.8610153198,116.20879364,13.7733049393,59.1130752563,,,,,,,,,,,
nuc,/home/data/HeLa/Set0_2/processed/*,y,13,,,93.7873382568,48.7054786682,,,78.5019302368,,13.4004421234,18.6833324432,61.4768753052,,,,,,57.3952713013,,17.7467803955,,61.2126426697,117.5,99.7019195557,,,,,,,,
nuc,/home/data/HeLa/Set0_2/processed/*,y,14,,,93.2474060059,46.9980773926,,,77.0948257446,,8.42290782928,29.9699993134,62.2590446472,,,,,,59.4586219788,,6.72479009628,,60.6757583618,117.5,101.889213562,119.292449951,,,,,,,
nuc,/home/data/HeLa/Set0_2/processed/*,y,15,,,94.6350021362,47.6823539734,,,77.8191146851,,9.84792613983,31.8968257904,62.8115119934,,,,,,59.9678726196,,7.89041090012,,61.458782196,117.550003052,,,107.685035706,92.203125,117.688743591,,,,
nuc,/home/data/HeLa/Set0_2/processed/*,y,16,,,95.7886199951,48.2458114624,,,76.9185638428,,10.2098770142,11.1682844162,62.5096588135,,,,,,,,7.93839836121,,60.2808227539,120.019607544,,,106.077209473,90.9736862183,113.329544067,62.3860168457,,,
nuc,/home/data/HeLa/Set0_2/processed/*,y,17,,,93.673324585,49.3079986572,,,74.9092407227,,11.0438098907,13.6236753464,62.6400566101,,,,,,,,8.34561443329,,61.6401367188,123.422859192,,,102.225486755,89.5222244263,107.401275635,61.6182441711,,,
nuc,/home/data/HeLa/Set0_2/processed/*,y,18,,,95.092590332,49.7637786865,,,75.7298202515,,11.5339450836,19.4230766296,63.2612609863,,,,,,,,8.48527145386,,61.1633224487,124.207069397,,,,93.2286529541,,61.3758621216,97.7727279663,104.43497467,
nuc,/home/data/HeLa/Set0_2/processed/*,y,19,,,94.7029495239,49.2086219788,,,75.1914138794,,12.2306337357,23.6328907013,63.3333320618,,,,,,,,9.28592205048,,57.7437705994,128.073028564,,,,94.4000015259,,,96.2989959717,104.450515747,60.0114936829
nuc,/home/data/HeLa/Set0_2/processed/*,parent,0,,,,,,,,,,,,,,,,,,,,,,,,,,,,,,,
nuc,/home/data/HeLa/Set0_2/processed/*,parent,1,,,,,,,,,,,,,,,,,,,,,,,,,,,,,,,
nuc,/home/data/HeLa/Set0_2/processed/*,parent,2,,,,,,,,,,,,,2.0,,2.0,,,,,,,,,,,,,,,,
nuc,/home/data/HeLa/Set0_2/processed/*,parent,3,,,,,,,,,,,,,,,,,,,,,,,,,,,,,,,
nuc,/home/data/HeLa/Set0_2/processed/*,parent,4,,,,,,,,,,,,,,,,,,,,,,,,,,,,,,,
nuc,/home/data/HeLa/Set0_2/processed/*,parent,5,,,,,,,,,,,,,,,,,,,,,,,,,,,,,,,
nuc,/home/data/HeLa/Set0_2/processed/*,parent,6,,,,,,,,,,,,,,,,,,,,,,,,,,,,,,,
nuc,/home/data/HeLa/Set0_2/processed/*,parent,7,,,,,,,,,,,,,,,,,,,,,,,,,,,,,,,
nuc,/home/data/HeLa/Set0_2/processed/*,parent,8,,,,,,,,,,,,,,,,,,,,,,,,,,,,,,,
nuc,/home/data/HeLa/Set0_2/processed/*,parent,9,,,,,,,,,,,,,,,,,,,,,,,,,,,,,,,
nuc,/home/data/HeLa/Set0_2/processed/*,parent,10,,,,,,,,,,,,,,,,,,,,,,,,,,,,,,,
nuc,/home/data/HeLa/Set0_2/processed/*,parent,11,,,,,,,,,,,,,,,,,,,,,,,,,,,,,,,
nuc,/home/data/HeLa/Set0_2/processed/*,parent,12,,,,,,,,,,,,,,,,,,,,,,,,,,,,,,,
nuc,/home/data/HeLa/Set0_2/processed/*,parent,13,,,,,,,,,,,,,,,,,,,,,,15.0,15.0,,,,,,,,
nuc,/home/data/HeLa/Set0_2/processed/*,parent,14,,,,,,,,,,,,,,,,,,,,,,,,,,,,,,,
nuc,/home/data/HeLa/Set0_2/processed/*,parent,15,,,,,,,,,,,,,,,,,,,,,,,,,1.0,,1.0,,,,
nuc,/home/data/HeLa/Set0_2/processed/*,parent,16,,,,,,,,,,,,,,,,,,,,,,,,,,,,,,,
nuc,/home/data/HeLa/Set0_2/processed/*,parent,17,,,,,,,,,,,,,,,,,,,,,,,,,,,,,,,
nuc,/home/data/HeLa/Set0_2/processed/*,parent,18,,,,,,,,,,,,,,,,,,,,,,,,,,,,,,,
nuc,/home/data/HeLa/Set0_2/processed/*,parent,19,,,,,,,,,,,,,,,,,,,,,,,,,,,,,,,
nuc,/home/data/HeLa/Set0_2/processed/*,num_seg,0,1.0,1.0,1.0,1.0,1.0,1.0,1.0,1.0,1.0,1.0,1.0,,,,,,,,,,,,,,,,,,,,
nuc,/home/data/HeLa/Set0_2/processed/*,num_seg,1,1.0,1.0,2.0,1.0,1.0,1.0,1.0,2.0,3.0,1.0,1.0,,,,,,,,,,,,,,,,,,,,
nuc,/home/data/HeLa/Set0_2/processed/*,num_seg,2,1.0,,2.0,1.0,,,1.0,,1.0,1.0,1.0,1.0,1.0,1.0,1.0,1.0,,,,,,,,,,,,,,,
nuc,/home/data/HeLa/Set0_2/processed/*,num_seg,3,1.0,,2.0,1.0,,,1.0,,1.0,1.0,1.0,1.0,1.0,1.0,1.0,1.0,,,,,,,,,,,,,,,
nuc,/home/data/HeLa/Set0_2/processed/*,num_seg,4,1.0,,1.0,1.0,,,1.0,,1.0,1.0,1.0,1.0,1.0,1.0,1.0,1.0,,,,,,,,,,,,,,,
nuc,/home/data/HeLa/Set0_2/processed/*,num_seg,5,1.0,,1.0,1.0,,,1.0,,1.0,1.0,1.0,1.0,1.0,1.0,1.0,1.0,,,,,,,,,,,,,,,
nuc,/home/data/HeLa/Set0_2/processed/*,num_seg,6,1.0,,2.0,1.0,,,1.0,,1.0,1.0,1.0,1.0,1.0,1.0,1.0,1.0,,,,,,,,,,,,,,,
nuc,/home/data/HeLa/Set0_2/processed/*,num_seg,7,1.0,,1.0,1.0,,,1.0,,1.0,1.0,1.0,1.0,1.0,1.0,1.0,1.0,,,,,,,,,,,,,,,
nuc,/home/data/HeLa/Set0_2/processed/*,num_seg,8,1.0,,3.0,1.0,,,1.0,,1.0,1.0,1.0,1.0,1.0,1.0,1.0,1.0,,,,,,,,,,,,,,,
nuc,/home/data/HeLa/Set0_2/processed/*,num_seg,9,1.0,,2.0,1.0,,,1.0,,1.0,1.0,1.0,1.0,1.0,1.0,1.0,1.0,,,,,,,,,,,,,,,
nuc,/home/data/HeLa/Set0_2/processed/*,num_seg,10,1.0,,2.0,1.0,,,1.0,,1.0,1.0,1.0,1.0,,,1.0,,1.0,1.0,1.0,,,,,,,,,,,,
nuc,/home/data/HeLa/Set0_2/processed/*,num_seg,11,1.0,,1.0,1.0,,,1.0,,1.0,1.0,1.0,1.0,,,1.0,,1.0,1.0,1.0,,,,,,,,,,,,
nuc,/home/data/HeLa/Set0_2/processed/*,num_seg,12,,,1.0,1.0,,,1.0,,1.0,2.0,1.0,1.0,,,,,1.0,1.0,3.0,1.0,,,,,,,,,,,
nuc,/home/data/HeLa/Set0_2/processed/*,num_seg,13,,,3.0,1.0,,,1.0,,2.0,3.0,1.0,,,,,,1.0,,2.0,,1.0,1.0,1.0,,,,,,,,
nuc,/home/data/HeLa/Set0_2/processed/*,num_seg,14,,,1.0,1.0,,,1.0,,1.0,2.0,1.0,,,,,,1.0,,1.0,,1.0,1.0,1.0,1.0,,,,,,,
nuc,/home/data/HeLa/Set0_2/processed/*,num_seg,15,,,2.0,1.0,,,1.0,,1.0,2.0,1.0,,,,,,1.0,,1.0,,1.0,1.0,,,1.0,1.0,1.0,,,,
nuc,/home/data/HeLa/Set0_2/processed/*,num_seg,16,,,3.0,1.0,,,1.0,,1.0,1.0,1.0,,,,,,,,1.0,,1.0,1.0,,,1.0,1.0,1.0,1.0,,,
nuc,/home/data/HeLa/Set0_2/processed/*,num_seg,17,,,3.0,1.0,,,1.0,,1.0,2.0,1.0,,,,,,,,1.0,,1.0,1.0,,,1.0,1.0,1.0,1.0,,,
nuc,/home/data/HeLa/Set0_2/processed/*,num_seg,18,,,2.0,1.0,,,1.0,,1.0,2.0,1.0,,,,,,,,1.0,,1.0,1.0,,,,1.0,,1.0,1.0,1.0,
nuc,/home/data/HeLa/Set0_2/processed/*,num_seg,19,,,1.0,1.0,,,1.0,,1.0,2.0,1.0,,,,,,,,1.0,,1.0,1.0,,,,1.0,,,1.0,1.0,1.0
